<?xml version="1.0" encoding="UTF-8"?>
<assessmentItem xmlns="http://www.imsglobal.org/xsd/imsqti_v2p2" xmlns:m="http://www.w3.org/1998/Math/MathML" xmlns:xsi="http://www.w3.org/2001/XMLSchema-instance" xsi:schemaLocation="http://www.imsglobal.org/xsd/imsqti_v2p2 http://www.imsglobal.org/xsd/qti/qtiv2p2/imsqti_v2p2.xsd" identifier="i652d5d4660c7c7530d5d356692f6b714b" title="Item 1" label="Item 2" xml:lang="en-US" adaptive="false" timeDependent="false" toolName="TAO" toolVersion="3.4.0-sprint121">
  <responseDeclaration identifier="RESPONSE" cardinality="single" baseType="string"/>
  <outcomeDeclaration identifier="SCORE" cardinality="single" baseType="float" normalMaximum="0"/>
  <outcomeDeclaration identifier="MAXSCORE" cardinality="single" baseType="float">
    <defaultValue>
      <value>0</value>
    </defaultValue>
  </outcomeDeclaration>
  <stylesheet href="style/custom/tao-user-styles.css" type="text/css" media="all" title=""/>
  <itemBody>
    <div class="grid-row">
      <div class="col-12">
        <extendedTextInteraction responseIdentifier="RESPONSE" base="10" minStrings="0" format="plain">
          <prompt><p>A recipe for one batch of cookies uses 5 cups of flour and 2 teaspoons of vanilla.</p>

<ol>
	<li>Complete the double number line diagram to show the amount of flour and vanilla needed for 1, 2, 3, 4, and 5 batches of cookies.<figure class="embedded-content embedded-content-image-file embedded-content-image" data-embedder-target="print" data-record-id="27382" data-record-model="ImageFile"><span class="c-figure__label"></span><img alt="A double number line, blank, with zero on the first tick mark of each line. Seven tick marks on each line." class="h-max-height--9-lines" role="image" src="https://cms-assets.illustrativemathematics.org/hFicdzsGwvx5SWXV8CDdowYo"><figcaption class="c-figcaption"></figcaption></figure>
</li>
	<li class="presentation-tag-classes-added h-written-response--short">If you use 20 cups of flour, how many teaspoons of vanilla should you use?
</li>
	<li class="presentation-tag-classes-added h-written-response--short">If you use 6 teaspoons of vanilla, how many cups of flour should you use?
</li>
</ol></prompt>
        </extendedTextInteraction>
      </div>
    </div>
  </itemBody>
  <responseProcessing template="http://www.imsglobal.org/question/qti_v2p1/rptemplates/match_correct"/>
</assessmentItem>
