<?xml version="1.0" encoding="utf-8" ?><assessmentTest identifier="id581146c7f1bc73d8ae59dada7fe0c" title="Grade6.2 End Of Unit Assessment (B)" xmlns="http://www.imsglobal.org/xsd/imsqti_v2p1" xmlns:m="http://www.w3.org/1998/Math/MathML" xmlns:xi="http://www.w3.org/2001/XInclude" xmlns:xsi="http://www.w3.org/2001/XMLSchema-instance" xsi:schemaLocation="http://www.imsglobal.org/xsd/imsqti_v2p1 http://www.imsglobal.org/xsd/qti/qtiv2p1/imsqti_v2p1.xsd"><outcomeDeclaration baseType="float" cardinality="single" identifier="SCORE"><defaultValue><value>0</value></defaultValue></outcomeDeclaration><testPart identifier="Main" navigationMode="linear" submissionMode="individual"><assessmentSection identifier="SECTION-1" title="Section 1" visible="true"><assessmentItemRef href="id37ba15ac0b7bf55bb417b6edeec93.xml" identifier="id37ba15ac0b7bf55bb417b6edeec93"></assessmentItemRef><assessmentItemRef href="id1cebca80ba66f1bbcea80a08db914.xml" identifier="id1cebca80ba66f1bbcea80a08db914"></assessmentItemRef><assessmentItemRef href="idb7305dfa599451a4b89c9781dbdf5.xml" identifier="idb7305dfa599451a4b89c9781dbdf5"></assessmentItemRef><assessmentItemRef href="idc4fe1d9f0ae744ecbbf1e70a33d07.xml" identifier="idc4fe1d9f0ae744ecbbf1e70a33d07"></assessmentItemRef><assessmentItemRef href="id087da365e5cee4a804ea40b3ed319.xml" identifier="id087da365e5cee4a804ea40b3ed319"></assessmentItemRef><assessmentItemRef href="id91a0016886d8d7fab746d0b5e85a2.xml" identifier="id91a0016886d8d7fab746d0b5e85a2"></assessmentItemRef><assessmentItemRef href="id9cd196bebee8ab13a1b17945a5070.xml" identifier="id9cd196bebee8ab13a1b17945a5070"></assessmentItemRef></assessmentSection></testPart></assessmentTest>