<assessmentItem adaptive="false" identifier="id087da365e5cee4a804ea40b3ed319" timeDependent="false" title="3 concert tickets cost \$45. At this rate, what is..." xmlns="http://www.imsglobal.org/xsd/imsqti_v2p1" xmlns:xsi="http://www.w3.org/2001/XMLSchema-instance" xsi:schemaLocation="http://www.imsglobal.org/xsd/imsqti_v2p1 http://www.imsglobal.org/xsd/qti/qtiv2p1/imsqti_v2p1.xsd"><responseDeclaration baseType="string" cardinality="single" identifier="RESPONSE"></responseDeclaration><outcomeDeclaration baseType="identifier" cardinality="multiple" identifier="FEEDBACK"></outcomeDeclaration><outcomeDeclaration baseType="float" cardinality="single" identifier="SCORE"></outcomeDeclaration><itemBody><div class="xml_mml"><ol>
	<li>
	<p>Three concert tickets cost <span>$</span>45. At this rate, what is the cost per ticket?</p>
	
</li>
	<li>
	<p>Three milkshakes cost <span>$</span>9.75. At this rate, how much do 2 milkshakes cost?</p>
	
</li>
	<li>Three oranges cost <span>$</span>1.35. At this rate, how much do 5 oranges cost?
</li>
</ol>
</div><extendedTextInteraction responseIdentifier="RESPONSE"></extendedTextInteraction></itemBody><modalFeedback identifier="solution" outcomeIdentifier="FEEDBACK" showHide="hide"><div class="solution"><div class="xml_mml"><ol>
	<li>
<span>$</span>15</li>
	<li>
<span>$</span>6.50</li>
	<li>
<span>$</span>2.25</li>
</ol>
</div></div></modalFeedback></assessmentItem>