<assessmentItem adaptive="false" identifier="id1cebca80ba66f1bbcea80a08db914" timeDependent="false" title="Select all the ratios that are equivalent to \(9:6\)\(6:9\)..." xmlns="http://www.imsglobal.org/xsd/imsqti_v2p1" xmlns:xsi="http://www.w3.org/2001/XMLSchema-instance" xsi:schemaLocation="http://www.imsglobal.org/xsd/imsqti_v2p1 http://www.imsglobal.org/xsd/qti/qtiv2p1/imsqti_v2p1.xsd"><responseDeclaration baseType="identifier" cardinality="multiple" identifier="RESPONSE"><correctResponse><value>C1</value><value>C4</value></correctResponse><mapping defaultValue="0" lowerBound="0" upperBound="2"><mapEntry mapKey="C1" mappedValue="1"></mapEntry><mapEntry mapKey="C4" mappedValue="1"></mapEntry></mapping></responseDeclaration><outcomeDeclaration baseType="float" cardinality="single" identifier="SCORE"></outcomeDeclaration><itemBody><div class="xml_mml"><p>Select <strong>all</strong> the ratios that are equivalent to <span class="mjpage"><math xmlns="http://www.w3.org/1998/Math/MathML" alttext="9:6">
  <mn>9</mn>
  <mo>:</mo>
  <mn>6</mn>
</math></span>.</p>
</div><choiceInteraction maxChoices="5" responseIdentifier="RESPONSE" shuffle="true"><prompt></prompt><simpleChoice fixed="false" identifier="C0"><div class="xml_mml"><p>
  <span class="mjpage">
    <math xmlns="http://www.w3.org/1998/Math/MathML" alttext="6:9">
  <mn>6</mn>
  <mo>:</mo>
  <mn>9</mn>
</math>
  </span>
</p>
</div></simpleChoice><simpleChoice fixed="false" identifier="C1"><div class="xml_mml"><p>
  <span class="mjpage">
    <math xmlns="http://www.w3.org/1998/Math/MathML" alttext="3:2">
  <mn>3</mn>
  <mo>:</mo>
  <mn>2</mn>
</math>
  </span>
</p>
</div></simpleChoice><simpleChoice fixed="false" identifier="C2"><div class="xml_mml"><p>
  <span class="mjpage">
    <math xmlns="http://www.w3.org/1998/Math/MathML" alttext="13:10">
  <mn>13</mn>
  <mo>:</mo>
  <mn>10</mn>
</math>
  </span>
</p>
</div></simpleChoice><simpleChoice fixed="false" identifier="C3"><div class="xml_mml"><p>
  <span class="mjpage">
    <math xmlns="http://www.w3.org/1998/Math/MathML" alttext="5:2">
  <mn>5</mn>
  <mo>:</mo>
  <mn>2</mn>
</math>
  </span>
</p>
</div></simpleChoice><simpleChoice fixed="false" identifier="C4"><div class="xml_mml"><p>
  <span class="mjpage">
    <math xmlns="http://www.w3.org/1998/Math/MathML" alttext="18:12">
  <mn>18</mn>
  <mo>:</mo>
  <mn>12</mn>
</math>
  </span>
</p>
</div></simpleChoice></choiceInteraction></itemBody><responseProcessing template="http://www.imsglobal.org/question/qti_v2p1/rptemplates/map_response"></responseProcessing></assessmentItem>