<assessmentItem adaptive="false" identifier="id37ba15ac0b7bf55bb417b6edeec93" timeDependent="false" title="Select all the true statements.IMAGE NEEDED see mockupThe..." xmlns="http://www.imsglobal.org/xsd/imsqti_v2p1" xmlns:xsi="http://www.w3.org/2001/XMLSchema-instance" xsi:schemaLocation="http://www.imsglobal.org/xsd/imsqti_v2p1 http://www.imsglobal.org/xsd/qti/qtiv2p1/imsqti_v2p1.xsd"><responseDeclaration baseType="identifier" cardinality="multiple" identifier="RESPONSE"><correctResponse><value>C1</value><value>C3</value><value>C4</value></correctResponse><mapping defaultValue="0" lowerBound="0" upperBound="3"><mapEntry mapKey="C1" mappedValue="1"></mapEntry><mapEntry mapKey="C3" mappedValue="1"></mapEntry><mapEntry mapKey="C4" mappedValue="1"></mapEntry></mapping></responseDeclaration><outcomeDeclaration baseType="float" cardinality="single" identifier="SCORE"></outcomeDeclaration><itemBody><div class="xml_mml"><p>Select <strong>all</strong> the true statements.</p>

<img alt="Three rows of shapes. First row contains four smiley faces. Second row contains two squares. Third row contains six triangles. " class="h-max-height--7-lines" height="314" src="https://s3.amazonaws.com/im-ims-export/5wU5MmNaKU7Lo5A1GVkfN8Jj" width="603"/>
</div><choiceInteraction maxChoices="6" responseIdentifier="RESPONSE" shuffle="true"><prompt></prompt><simpleChoice fixed="false" identifier="C0"><div class="xml_mml"><p>The ratio of triangles to squares is 2 to 6.</p>
</div></simpleChoice><simpleChoice fixed="false" identifier="C1"><div class="xml_mml"><p>The ratio of squares to smiley faces is <span class="mjpage"><math xmlns="http://www.w3.org/1998/Math/MathML" alttext="2:4">
  <mn>2</mn>
  <mo>:</mo>
  <mn>4</mn>
</math></span>.</p>
</div></simpleChoice><simpleChoice fixed="false" identifier="C2"><div class="xml_mml"><p>The ratio of smiley faces to triangles is 4 to 2.</p>
</div></simpleChoice><simpleChoice fixed="false" identifier="C3"><div class="xml_mml"><p>There are three triangles for every square.</p>
</div></simpleChoice><simpleChoice fixed="false" identifier="C4"><div class="xml_mml"><p>There are two smiley faces for every square.</p>
</div></simpleChoice><simpleChoice fixed="false" identifier="C5"><div class="xml_mml"><p>There are two triangles for every smiley face.</p>
</div></simpleChoice></choiceInteraction></itemBody><responseProcessing template="http://www.imsglobal.org/question/qti_v2p1/rptemplates/map_response"></responseProcessing></assessmentItem>