<assessmentItem adaptive="false" identifier="id91a0016886d8d7fab746d0b5e85a2" timeDependent="false" title="A bag contains 150 marbles. Some are blue and the..." xmlns="http://www.imsglobal.org/xsd/imsqti_v2p1" xmlns:xsi="http://www.w3.org/2001/XMLSchema-instance" xsi:schemaLocation="http://www.imsglobal.org/xsd/imsqti_v2p1 http://www.imsglobal.org/xsd/qti/qtiv2p1/imsqti_v2p1.xsd"><responseDeclaration baseType="string" cardinality="single" identifier="RESPONSE"></responseDeclaration><outcomeDeclaration baseType="identifier" cardinality="multiple" identifier="FEEDBACK"></outcomeDeclaration><outcomeDeclaration baseType="float" cardinality="single" identifier="SCORE"></outcomeDeclaration><itemBody><div class="xml_mml"><p>A bag contains 150 marbles. Some are blue, and the rest are white. There are 21 blue marbles for every 4 white marbles. How many blue marbles are in the bag? Explain your reasoning.</p>
</div><extendedTextInteraction responseIdentifier="RESPONSE"></extendedTextInteraction></itemBody><modalFeedback identifier="solution" outcomeIdentifier="FEEDBACK" showHide="hide"><div class="solution"><div class="xml_mml"><p>126 blue marbles. Explanations vary. Sample explanation: Make a table in which the first row has 21 blue marbles and 4 white marbles. We want to find the row where the total number of marbles is 150. Multiplying the first row by 6 gives 126 blue marbles and 24 white marbles, which add to the correct total of 150.</p>

<p>Minimal Tier 1 response:</p>

<ul>
	<li>Work is complete and correct.</li>
	<li>Sample: <span class="mjpage"><math xmlns="http://www.w3.org/1998/Math/MathML" alttext="21\boldcdot6=126">
  <mn>21</mn>
  <mrow class="MJX-TeXAtom-BIN">
    <mpadded height="-.1em" depth="+.1em">
      <mstyle mathsize="1.44em">
        <mo>⋅<!-- ⋅ --></mo>
      </mstyle>
    </mpadded>
  </mrow>
  <mn>6</mn>
  <mo>=</mo>
  <mn>126</mn>
</math></span>, so there are 126 blue marbles and 24 white marbles.</li>
</ul>

<p>Tier 2 response:</p>

<ul>
	<li>Work shows general conceptual understanding and mastery, with some errors.</li>
	<li>Sample errors: blue and white marbles are in the correct ratio but do not total 150; correct answer with no work shown and no explanation; work involves some correct reasoning about equivalent ratios with some errors.</li>
</ul>

<p>Tier 3 response:</p>

<ul>
	<li>Significant errors in work demonstrate lack of conceptual understanding or mastery.</li>
	<li>Sample errors: Work does not show evidence of an understanding of equivalent ratios; incorrect answer with no work shown.</li>
</ul>
</div></div></modalFeedback></assessmentItem>