<assessmentItem adaptive="false" identifier="id9cd196bebee8ab13a1b17945a5070" timeDependent="false" title="To make fruit punch, Priya mixes 3 scoops of powder..." xmlns="http://www.imsglobal.org/xsd/imsqti_v2p1" xmlns:xsi="http://www.w3.org/2001/XMLSchema-instance" xsi:schemaLocation="http://www.imsglobal.org/xsd/imsqti_v2p1 http://www.imsglobal.org/xsd/qti/qtiv2p1/imsqti_v2p1.xsd"><responseDeclaration baseType="string" cardinality="single" identifier="RESPONSE"></responseDeclaration><outcomeDeclaration baseType="identifier" cardinality="multiple" identifier="FEEDBACK"></outcomeDeclaration><outcomeDeclaration baseType="float" cardinality="single" identifier="SCORE"></outcomeDeclaration><itemBody><div class="xml_mml"><p>To make fruit punch, Priya mixes 3 scoops of powder with 5 cups of water. Mai mixes 4 scoops of powder with 6 cups of water.</p>

<ol>
	<li>Create a double number line or a table that shows different amounts of powder and water that taste the same as Priya’s mixture.
</li>
	<li>Create a double number line or a table that shows different amounts of powder and water that taste the same as Mai’s mixture.
</li>
	<li>How do their two mixtures compare in taste? Explain your reasoning.</li>
</ol>
</div><extendedTextInteraction responseIdentifier="RESPONSE"></extendedTextInteraction></itemBody><modalFeedback identifier="solution" outcomeIdentifier="FEEDBACK" showHide="hide"><div class="solution"><div class="xml_mml"><p>Representations vary in both kind and in the numbers used. Sample response:</p>

<p>Priya’s recipe </p>

<table>
	<thead>
		<tr>
			<th scope="col">scoops of powder </th>
			<th scope="col"> cups of water</th>
		</tr>
	</thead>
	<tbody>
		<tr>
			<td>3</td>
			<td>5</td>
		</tr>
		<tr>
			<td>6</td>
			<td>10</td>
		</tr>
		<tr>
			<td>9</td>
			<td>15</td>
		</tr>
		<tr>
			<td>12</td>
			<td>20</td>
		</tr>
	</tbody>
</table>

<p>Mai’s recipe </p>

<table>
	<thead>
		<tr>
			<th scope="col">scoops of powder </th>
			<th scope="col"> cups of water</th>
		</tr>
	</thead>
	<tbody>
		<tr>
			<td>4</td>
			<td>6</td>
		</tr>
		<tr>
			<td>8</td>
			<td>12</td>
		</tr>
		<tr>
			<td>12</td>
			<td>18</td>
		</tr>
	</tbody>
</table>

<p>Mai’s recipe tastes stronger. Sample reasoning: As shown in the tables, Mai’s recipe uses less water for the same amount of powder at 12 scoops.</p>

<p>Minimal Tier 1 response:</p>

<ul>
	<li>Work is complete and correct, with complete explanation or justification.</li>
	<li>Acceptable errors: some mixing up of the terms “cup” and “scoop.”</li>
</ul>

<ul>
	<li>Sample:
	<ul>
		<li>See table for Priya’s recipe.</li>
		<li>See table for Mai’s recipe.</li>
		<li>Mai’s tastes stronger because more powder is used per cup, 1 cup of water needs <span class="mjpage"><math xmlns="http://www.w3.org/1998/Math/MathML" alttext="\frac23">
  <mfrac>
    <mn>2</mn>
    <mn>3</mn>
  </mfrac>
</math></span> of a scoop of powder, but for Priya, 1 cup of water needs only <span class="mjpage"><math xmlns="http://www.w3.org/1998/Math/MathML" alttext="\frac35">
  <mfrac>
    <mn>3</mn>
    <mn>5</mn>
  </mfrac>
</math></span> of a scoop of powder and <span class="mjpage"><math xmlns="http://www.w3.org/1998/Math/MathML" alttext="\frac23">
  <mfrac>
    <mn>2</mn>
    <mn>3</mn>
  </mfrac>
</math></span> is greater than <span class="mjpage"><math xmlns="http://www.w3.org/1998/Math/MathML" alttext="\frac35">
  <mfrac>
    <mn>3</mn>
    <mn>5</mn>
  </mfrac>
</math></span>.</li>
	</ul>
	</li>
</ul>

<p>Tier 2 response:</p>

<ul>
	<li>Work shows good conceptual understanding and mastery, with either minor errors or correct work with insufficient explanation or justification.</li>
	<li>Acceptable errors: a good explanation to part c is based on incorrect powder/water combinations found in parts a and b.</li>
	<li>Sample errors: arithmetic errors in otherwise reasonable tables/double number lines; explanation for part c is on track but leaves the reader to connect too many dots, e.g., “Mai’s tastes stronger because <span class="mjpage"><math xmlns="http://www.w3.org/1998/Math/MathML" alttext="\frac23 &gt;\frac35">
  <mfrac>
    <mn>2</mn>
    <mn>3</mn>
  </mfrac>
  <mo>&gt;</mo>
  <mfrac>
    <mn>3</mn>
    <mn>5</mn>
  </mfrac>
</math></span>.”</li>
</ul>

<p>Tier 3 response:</p>

<ul>
	<li>Work shows a developing but incomplete conceptual understanding, with significant errors.</li>
	<li>Acceptable errors: a good explanation to part c is based on incorrect powder/water combinations found in parts a and b.</li>
	<li>Sample errors: Representations in parts a and b do not show evidence of an understanding of equivalent ratios; correct representations in parts a and b but explanation in part c is missing or does not involve a comparison of unit rates.</li>
</ul>

<p>Tier 4 response:</p>

<ul>
	<li>Work includes major errors or omissions that demonstrate a lack of conceptual understanding and mastery.</li>
	<li>Sample errors: None of the work contains evidence of an understanding of equivalent ratios.</li>
</ul>
</div></div></modalFeedback></assessmentItem>