<assessmentItem adaptive="false" identifier="idb7305dfa599451a4b89c9781dbdf5" timeDependent="false" title="A mixture of orange paint contains 8 teaspoons of red..." xmlns="http://www.imsglobal.org/xsd/imsqti_v2p1" xmlns:xsi="http://www.w3.org/2001/XMLSchema-instance" xsi:schemaLocation="http://www.imsglobal.org/xsd/imsqti_v2p1 http://www.imsglobal.org/xsd/qti/qtiv2p1/imsqti_v2p1.xsd"><responseDeclaration baseType="identifier" cardinality="single" identifier="RESPONSE"><correctResponse><value>C1</value></correctResponse></responseDeclaration><outcomeDeclaration baseType="float" cardinality="single" identifier="SCORE"><defaultValue><value>0</value></defaultValue></outcomeDeclaration><itemBody><div class="xml_mml"><p>A mixture of orange paint contains 8 teaspoons of red paint and 12 teaspoons of yellow paint. To make the same shade of orange paint using 18 teaspoons of red paint, how much yellow paint would you need? Use the double number line diagram to help if needed.</p>

<img alt="A double number line diagram. Red paint. Teaspoons. Yellow paint. Teaspoons." height="175" src="https://s3.amazonaws.com/im-ims-export/G3MqNucsVjbPJdYkWN6sdc3y" width="1471"/>
</div><choiceInteraction maxChoices="1" responseIdentifier="RESPONSE" shuffle="false"><simpleChoice identifier="C1"><div class="xml_mml"><p>27 teaspoons</p>
</div></simpleChoice><simpleChoice identifier="C2"><div class="xml_mml"><p>24 teaspoons</p>
</div></simpleChoice><simpleChoice identifier="C3"><div class="xml_mml"><p>22 teaspoons</p>
</div></simpleChoice><simpleChoice identifier="C4"><div class="xml_mml"><p>12 teaspoons</p>
</div></simpleChoice></choiceInteraction></itemBody><responseProcessing template="http://www.imsglobal.org/question/qti_v2p1/rptemplates/match_correct"></responseProcessing></assessmentItem>