<assessmentItem adaptive="false" identifier="idc4fe1d9f0ae744ecbbf1e70a33d07" timeDependent="false" title="Elena rode her bike 2 miles in 10 minutes. She..." xmlns="http://www.imsglobal.org/xsd/imsqti_v2p1" xmlns:xsi="http://www.w3.org/2001/XMLSchema-instance" xsi:schemaLocation="http://www.imsglobal.org/xsd/imsqti_v2p1 http://www.imsglobal.org/xsd/qti/qtiv2p1/imsqti_v2p1.xsd"><responseDeclaration baseType="string" cardinality="single" identifier="RESPONSE"></responseDeclaration><outcomeDeclaration baseType="identifier" cardinality="multiple" identifier="FEEDBACK"></outcomeDeclaration><outcomeDeclaration baseType="float" cardinality="single" identifier="SCORE"></outcomeDeclaration><itemBody><div class="xml_mml"><p>Elena rode her bike 2 miles in 10 minutes. She rode at a constant speed. Complete the table to show the time it took her to travel different distances at this speed. </p>

<table>
	<thead>
		<tr>
			<th scope="col">distance traveled (miles) </th>
			<th scope="col">elapsed time (minutes)</th>
		</tr>
	</thead>
	<tbody>
		<tr>
			<td>2</td>
			<td>10</td>
		</tr>
		<tr>
			<td>1</td>
			<td/>
		</tr>
		<tr>
			<td/>
			<td>1</td>
		</tr>
	</tbody>
</table>
</div><extendedTextInteraction responseIdentifier="RESPONSE"></extendedTextInteraction></itemBody><modalFeedback identifier="solution" outcomeIdentifier="FEEDBACK" showHide="hide"><div class="solution"><div class="xml_mml"><table>
	<thead>
		<tr>
			<th scope="col">distance traveled (miles) </th>
			<th scope="col">elapsed time (minutes)</th>
		</tr>
	</thead>
	<tbody>
		<tr>
			<td>2</td>
			<td>10</td>
		</tr>
		<tr>
			<td>1</td>
			<td>5</td>
		</tr>
		<tr>
			<td>
<span class="mjpage"><math xmlns="http://www.w3.org/1998/Math/MathML" alttext="\frac15">
  <mfrac>
    <mn>1</mn>
    <mn>5</mn>
  </mfrac>
</math></span> or equivalent</td>
			<td>1</td>
		</tr>
	</tbody>
</table>
</div></div></modalFeedback></assessmentItem>