<?xml version="1.0" encoding="utf-8" ?><manifest identifier="iddc45592c89273c68a24e2c633dbc3" xmlns="http://www.imsglobal.org/xsd/imscp_v1p1" xmlns:imsmd="http://ltsc.ieee.org/xsd/LOM" xmlns:imsqti="http://www.imsglobal.org/xsd/imsqti_v2p1" xmlns:xsi="http://www.w3.org/2001/XMLSchema-instance" xsi:schemaLocation="http://www.imsglobal.org/xsd/imsqti_v2p1 http://www.imsglobal.org/xsd/qti/qtiv2p1/imsqti_v2p1.xsd http://ltsc.ieee.org/xsd/LOM http://www.imsglobal.org/xsd/imsmd_loose_v1p3p2.xsd http://www.imsglobal.org/xsd/imscp_v1p1 http://www.imsglobal.org/xsd/qti/qtiv2p1/qtiv2p1_imscpv1p2_v1p0.xsd"><metadata><schema>QTIv2.1 Package</schema><schemaversion>1.0.0</schemaversion><imsmd:lom><imsmd:general><imsmd:title><imsmd:string language="en">Grade6.2 End Of Unit Assessment (B)</imsmd:string></imsmd:title><imsmd:language>en</imsmd:language></imsmd:general><imsmd:taxonpath><imsmd:source><imsmd:string language="en">CCSS Standards</imsmd:string></imsmd:source><imsmd:taxon><imsmd:entry><imsmd:string language="en">6.RP.A.1</imsmd:string></imsmd:entry></imsmd:taxon><imsmd:taxon><imsmd:entry><imsmd:string language="en">6.RP.A.2</imsmd:string></imsmd:entry></imsmd:taxon><imsmd:taxon><imsmd:entry><imsmd:string language="en">6.RP.A.3</imsmd:string></imsmd:entry></imsmd:taxon><imsmd:taxon><imsmd:entry><imsmd:string language="en">6.RP.A.3.b</imsmd:string></imsmd:entry></imsmd:taxon></imsmd:taxonpath></imsmd:lom></metadata><organizations></organizations><resources><resource href="assessment.xml" identifier="id581146c7f1bc73d8ae59dada7fe0c" type="imsqti_test_xmlv2p1"><file href="assessment.xml"></file><dependency identifierref="id37ba15ac0b7bf55bb417b6edeec93"></dependency><dependency identifierref="id1cebca80ba66f1bbcea80a08db914"></dependency><dependency identifierref="idb7305dfa599451a4b89c9781dbdf5"></dependency><dependency identifierref="idc4fe1d9f0ae744ecbbf1e70a33d07"></dependency><dependency identifierref="id087da365e5cee4a804ea40b3ed319"></dependency><dependency identifierref="id91a0016886d8d7fab746d0b5e85a2"></dependency><dependency identifierref="id9cd196bebee8ab13a1b17945a5070"></dependency></resource><resource href="id37ba15ac0b7bf55bb417b6edeec93.xml" identifier="id37ba15ac0b7bf55bb417b6edeec93" type="imsqti_item_xmlv2p1"><file href="id37ba15ac0b7bf55bb417b6edeec93.xml"></file></resource><resource href="id1cebca80ba66f1bbcea80a08db914.xml" identifier="id1cebca80ba66f1bbcea80a08db914" type="imsqti_item_xmlv2p1"><file href="id1cebca80ba66f1bbcea80a08db914.xml"></file></resource><resource href="idb7305dfa599451a4b89c9781dbdf5.xml" identifier="idb7305dfa599451a4b89c9781dbdf5" type="imsqti_item_xmlv2p1"><file href="idb7305dfa599451a4b89c9781dbdf5.xml"></file></resource><resource href="idc4fe1d9f0ae744ecbbf1e70a33d07.xml" identifier="idc4fe1d9f0ae744ecbbf1e70a33d07" type="imsqti_item_xmlv2p1"><file href="idc4fe1d9f0ae744ecbbf1e70a33d07.xml"></file></resource><resource href="id087da365e5cee4a804ea40b3ed319.xml" identifier="id087da365e5cee4a804ea40b3ed319" type="imsqti_item_xmlv2p1"><file href="id087da365e5cee4a804ea40b3ed319.xml"></file></resource><resource href="id91a0016886d8d7fab746d0b5e85a2.xml" identifier="id91a0016886d8d7fab746d0b5e85a2" type="imsqti_item_xmlv2p1"><file href="id91a0016886d8d7fab746d0b5e85a2.xml"></file></resource><resource href="id9cd196bebee8ab13a1b17945a5070.xml" identifier="id9cd196bebee8ab13a1b17945a5070" type="imsqti_item_xmlv2p1"><file href="id9cd196bebee8ab13a1b17945a5070.xml"></file></resource></resources></manifest>