<?xml version="1.0" encoding="UTF-8"?>
<assessmentItem xmlns="http://www.imsglobal.org/xsd/imsqti_v2p2" xmlns:m="http://www.w3.org/1998/Math/MathML" xmlns:xsi="http://www.w3.org/2001/XMLSchema-instance" xsi:schemaLocation="http://www.imsglobal.org/xsd/imsqti_v2p2 http://www.imsglobal.org/xsd/qti/qtiv2p2/imsqti_v2p2.xsd" identifier="i6529882708dc588092893bf534e584551" title="Cool Down" label="Cool Down" xml:lang="en-US" adaptive="false" timeDependent="false" toolName="TAO" toolVersion="3.4.0-sprint121">
  <responseDeclaration identifier="RESPONSE" cardinality="single" baseType="string"/>
  <responseDeclaration identifier="RESPONSE_1" cardinality="single" baseType="string"/>
  <responseDeclaration identifier="RESPONSE_2" cardinality="single" baseType="string"/>
  <responseDeclaration identifier="RESPONSE_3" cardinality="single" baseType="string"/>
  <responseDeclaration identifier="RESPONSE_4" cardinality="single" baseType="string"/>
  <responseDeclaration identifier="RESPONSE_5" cardinality="single" baseType="string"/>
  <responseDeclaration identifier="RESPONSE_6" cardinality="single" baseType="string"/>
  <outcomeDeclaration identifier="SCORE" cardinality="single" baseType="float" normalMaximum="0"/>
  <outcomeDeclaration identifier="MAXSCORE" cardinality="single" baseType="float">
    <defaultValue>
      <value>0</value>
    </defaultValue>
  </outcomeDeclaration>
  <stylesheet href="style/custom/tao-user-styles.css" type="text/css" media="all" title=""/>
  <itemBody>
    <div class="grid-row">
      <div class="col-12">
        <p>There are 3 cats in a room and no other creatures. Each cat has 2 ears, 4 paws, and 1 tail.</p>

<figure class="embedded-content embedded-content-image-file embedded-content-image" data-embedder-target="print" data-record-id="27359" data-record-model="ImageFile"><span class="c-figure__label"></span><img alt="3 identical cats" class="h-max-height--6-lines" role="image" src="https://cms-assets.illustrativemathematics.org/xRpd6sWcVAJMmqa1oZ6Zydk5"><figcaption class="c-figcaption"></figcaption></figure>

      </div>
    </div>
    <div class="grid-row">
      <div class="col-12">
        <extendedTextInteraction responseIdentifier="RESPONSE" base="10" minStrings="0" format="plain">
          <prompt>Draw a diagram that shows an association between numbers of ears, paws, and tails in the room.</prompt>
        </extendedTextInteraction>
      </div>
    </div>
    <div class="grid-row">
      <div class="col-12">
        <p>The ratio of <textEntryInteraction responseIdentifier="RESPONSE_1" base="10" placeholderText=""/> to <textEntryInteraction responseIdentifier="RESPONSE_2" base="10" placeholderText=""/> to<textEntryInteraction responseIdentifier="RESPONSE_3" base="10" placeholderText=""/>  is <textEntryInteraction responseIdentifier="RESPONSE_4" base="10" placeholderText=""/> : <textEntryInteraction responseIdentifier="RESPONSE_5" base="10" placeholderText=""/>: <textEntryInteraction responseIdentifier="RESPONSE_6" base="10" placeholderText=""/>.</p>
        
        <p>There are <textEntryInteraction responseIdentifier="RESPONSE_7" base="10" placeholderText=""/> paws for every tail.</p>
		<p>There are <textEntryInteraction responseIdentifier="RESPONSE_8" base="10" placeholderText=""/> paws for every ear.</p>
        
      </div>
    </div>
  </itemBody>
  <responseProcessing>
    <responseCondition>
      <responseIf>
        <match>
          <variable identifier="RESPONSE"/>
          <correct identifier="RESPONSE"/>
        </match>
        <setOutcomeValue identifier="SCORE">
          <sum>
            <variable identifier="SCORE"/>
            <baseValue baseType="integer">1</baseValue>
          </sum>
        </setOutcomeValue>
      </responseIf>
    </responseCondition>
    <responseCondition>
      <responseIf>
        <match>
          <variable identifier="RESPONSE_1"/>
          <correct identifier="RESPONSE_1"/>
        </match>
        <setOutcomeValue identifier="SCORE">
          <sum>
            <variable identifier="SCORE"/>
            <baseValue baseType="integer">1</baseValue>
          </sum>
        </setOutcomeValue>
      </responseIf>
    </responseCondition>
    <responseCondition>
      <responseIf>
        <match>
          <variable identifier="RESPONSE_2"/>
          <correct identifier="RESPONSE_2"/>
        </match>
        <setOutcomeValue identifier="SCORE">
          <sum>
            <variable identifier="SCORE"/>
            <baseValue baseType="integer">1</baseValue>
          </sum>
        </setOutcomeValue>
      </responseIf>
    </responseCondition>
    <responseCondition>
      <responseIf>
        <match>
          <variable identifier="RESPONSE_3"/>
          <correct identifier="RESPONSE_3"/>
        </match>
        <setOutcomeValue identifier="SCORE">
          <sum>
            <variable identifier="SCORE"/>
            <baseValue baseType="integer">1</baseValue>
          </sum>
        </setOutcomeValue>
      </responseIf>
    </responseCondition>
    <responseCondition>
      <responseIf>
        <match>
          <variable identifier="RESPONSE_4"/>
          <correct identifier="RESPONSE_4"/>
        </match>
        <setOutcomeValue identifier="SCORE">
          <sum>
            <variable identifier="SCORE"/>
            <baseValue baseType="integer">1</baseValue>
          </sum>
        </setOutcomeValue>
      </responseIf>
    </responseCondition>
    <responseCondition>
      <responseIf>
        <match>
          <variable identifier="RESPONSE_5"/>
          <correct identifier="RESPONSE_5"/>
        </match>
        <setOutcomeValue identifier="SCORE">
          <sum>
            <variable identifier="SCORE"/>
            <baseValue baseType="integer">1</baseValue>
          </sum>
        </setOutcomeValue>
      </responseIf>
    </responseCondition>
    <responseCondition>
      <responseIf>
        <match>
          <variable identifier="RESPONSE_6"/>
          <correct identifier="RESPONSE_6"/>
        </match>
        <setOutcomeValue identifier="SCORE">
          <sum>
            <variable identifier="SCORE"/>
            <baseValue baseType="integer">1</baseValue>
          </sum>
        </setOutcomeValue>
      </responseIf>
    </responseCondition>
    
        <responseCondition>
      <responseIf>
        <match>
          <variable identifier="RESPONSE_7"/>
          <correct identifier="RESPONSE_7"/>
        </match>
        <setOutcomeValue identifier="SCORE">
          <sum>
            <variable identifier="SCORE"/>
            <baseValue baseType="integer">1</baseValue>
          </sum>
        </setOutcomeValue>
      </responseIf>
    </responseCondition>
    
        <responseCondition>
      <responseIf>
        <match>
          <variable identifier="RESPONSE_8"/>
          <correct identifier="RESPONSE_8"/>
        </match>
        <setOutcomeValue identifier="SCORE">
          <sum>
            <variable identifier="SCORE"/>
            <baseValue baseType="integer">1</baseValue>
          </sum>
        </setOutcomeValue>
      </responseIf>
    </responseCondition>
    
  </responseProcessing>
</assessmentItem>
