<?xml version="1.0" encoding="UTF-8"?>
<assessmentItem xmlns="http://www.imsglobal.org/xsd/imsqti_v2p2" xmlns:m="http://www.w3.org/1998/Math/MathML" xmlns:xsi="http://www.w3.org/2001/XMLSchema-instance" xsi:schemaLocation="http://www.imsglobal.org/xsd/imsqti_v2p2 http://www.imsglobal.org/xsd/qti/qtiv2p2/imsqti_v2p2.xsd" identifier="i652d5d4660c7c7530d5d356692f6b714b" title="Item 1" label="Item 9" xml:lang="en-US" adaptive="false" timeDependent="false" toolName="TAO" toolVersion="3.4.0-sprint121">
  <responseDeclaration identifier="RESPONSE" cardinality="single" baseType="string"/>
  <outcomeDeclaration identifier="SCORE" cardinality="single" baseType="float" normalMaximum="0"/>
  <outcomeDeclaration identifier="MAXSCORE" cardinality="single" baseType="float">
    <defaultValue>
      <value>0</value>
    </defaultValue>
  </outcomeDeclaration>
  <stylesheet href="style/custom/tao-user-styles.css" type="text/css" media="all" title=""/>
  <itemBody>
    <div class="grid-row">
      <div class="col-12">
        <extendedTextInteraction responseIdentifier="RESPONSE" base="10" minStrings="0" format="plain">
          <prompt><p>A shop sells bagels for $5 per dozen. You can use the table to answer the questions. Explain your reasoning.</p>

<div class="imgrid">
<div class="g--row g--row-1">
<div class="g--column g--half g--content g--col-1 g--row-1">
<table border="1">
	<thead>
		<tr>
			<th scope="col">number of bagels</th>
			<th scope="col">price in dollars</th>
		</tr>
	</thead>
	<tbody>
		<tr>
			<td>12</td>
			<td>5</td>
		</tr>
		<tr>
			<td></td>
			<td></td>
		</tr>
		<tr>
			<td></td>
			<td></td>
		</tr>
		<tr>
			<td></td>
			<td></td>
		</tr>
	</tbody>
</table>
</div>

<div class="g--column g--half g--content g--col-2 g--row-1">
<ol>
	<li class="presentation-tag-classes-added h-written-response--short">At this rate, how much would 6 bagels cost?
</li>
	<li>How many bagels can you buy for <span>$</span>50?</li>
</ol></prompt>
        </extendedTextInteraction>
      </div>
    </div>
  </itemBody>
  <responseProcessing template="http://www.imsglobal.org/question/qti_v2p1/rptemplates/match_correct"/>
</assessmentItem>
