<?xml version="1.0" encoding="utf-8" ?><assessmentTest identifier="id3c75d684c193ff1b133d680681f7f" title="Grade6.2 Check Your Readiness (B)" xmlns="http://www.imsglobal.org/xsd/imsqti_v2p1" xmlns:m="http://www.w3.org/1998/Math/MathML" xmlns:xi="http://www.w3.org/2001/XInclude" xmlns:xsi="http://www.w3.org/2001/XMLSchema-instance" xsi:schemaLocation="http://www.imsglobal.org/xsd/imsqti_v2p1 http://www.imsglobal.org/xsd/qti/qtiv2p1/imsqti_v2p1.xsd"><outcomeDeclaration baseType="float" cardinality="single" identifier="SCORE"><defaultValue><value>0</value></defaultValue></outcomeDeclaration><testPart identifier="Main" navigationMode="linear" submissionMode="individual"><assessmentSection identifier="SECTION-1" title="Section 1" visible="true"><assessmentItemRef href="id20670bd788872c4499877836a3f58.xml" identifier="id20670bd788872c4499877836a3f58"></assessmentItemRef><assessmentItemRef href="idb8d96ad3bc2f50b570be8f5d73d5d.xml" identifier="idb8d96ad3bc2f50b570be8f5d73d5d"></assessmentItemRef><assessmentItemRef href="id38b11d2e2a44280fcea6a81359411.xml" identifier="id38b11d2e2a44280fcea6a81359411"></assessmentItemRef><assessmentItemRef href="id9c365dfbf984fa5953228ad24f097.xml" identifier="id9c365dfbf984fa5953228ad24f097"></assessmentItemRef><assessmentItemRef href="id5d7379d02b2b1306288c105a99c66.xml" identifier="id5d7379d02b2b1306288c105a99c66"></assessmentItemRef><assessmentItemRef href="idc76587c5c0af655bb49e60d95adaf.xml" identifier="idc76587c5c0af655bb49e60d95adaf"></assessmentItemRef></assessmentSection></testPart></assessmentTest>