<assessmentItem adaptive="false" identifier="id20670bd788872c4499877836a3f58" timeDependent="false" title="Here are three fractions: \(\frac{3}{4}\), \(\frac{5}{6}\), \(\frac{6}{8}\). Two of these..." xmlns="http://www.imsglobal.org/xsd/imsqti_v2p1" xmlns:xsi="http://www.w3.org/2001/XMLSchema-instance" xsi:schemaLocation="http://www.imsglobal.org/xsd/imsqti_v2p1 http://www.imsglobal.org/xsd/qti/qtiv2p1/imsqti_v2p1.xsd"><responseDeclaration baseType="string" cardinality="single" identifier="RESPONSE"></responseDeclaration><outcomeDeclaration baseType="identifier" cardinality="multiple" identifier="FEEDBACK"></outcomeDeclaration><outcomeDeclaration baseType="float" cardinality="single" identifier="SCORE"></outcomeDeclaration><itemBody><div class="xml_mml"><p>Here are three fractions: <span class="mjpage"><math xmlns="http://www.w3.org/1998/Math/MathML" alttext="\frac{3}{4}">
  <mfrac>
    <mn>3</mn>
    <mn>4</mn>
  </mfrac>
</math></span>, <span class="mjpage"><math xmlns="http://www.w3.org/1998/Math/MathML" alttext="\frac{5}{6}">
  <mfrac>
    <mn>5</mn>
    <mn>6</mn>
  </mfrac>
</math></span>, <span class="mjpage"><math xmlns="http://www.w3.org/1998/Math/MathML" alttext="\frac{6}{8}">
  <mfrac>
    <mn>6</mn>
    <mn>8</mn>
  </mfrac>
</math></span>. Two of these fractions are equivalent to each other. Which two? Explain or show your reasoning.</p>
</div><extendedTextInteraction responseIdentifier="RESPONSE"></extendedTextInteraction></itemBody><modalFeedback identifier="solution" outcomeIdentifier="FEEDBACK" showHide="hide"><div class="solution"><div class="xml_mml"><p><span class="mjpage"><math xmlns="http://www.w3.org/1998/Math/MathML" alttext="\frac{3}{4}">
  <mfrac>
    <mn>3</mn>
    <mn>4</mn>
  </mfrac>
</math></span> and <span class="mjpage"><math xmlns="http://www.w3.org/1998/Math/MathML" alttext="\frac{6}{8}">
  <mfrac>
    <mn>6</mn>
    <mn>8</mn>
  </mfrac>
</math></span> are equivalent to each other. Possible strategies:</p>

<ul>
	<li>3 and 4 can be multiplied by 2 to get 6 and 8.</li>
	<li>Here is a diagram:<img alt="Two tape diagrams" height="225" src="https://s3.amazonaws.com/im-ims-export/4sy2C8kNuCK8GgWB3FFJ9VdJ" width="731"/>
</li>
</ul>
</div></div></modalFeedback></assessmentItem>