<assessmentItem adaptive="false" identifier="id38b11d2e2a44280fcea6a81359411" timeDependent="false" title="Label each tick mark with its location on the number..." xmlns="http://www.imsglobal.org/xsd/imsqti_v2p1" xmlns:xsi="http://www.w3.org/2001/XMLSchema-instance" xsi:schemaLocation="http://www.imsglobal.org/xsd/imsqti_v2p1 http://www.imsglobal.org/xsd/qti/qtiv2p1/imsqti_v2p1.xsd"><responseDeclaration baseType="string" cardinality="single" identifier="RESPONSE"></responseDeclaration><outcomeDeclaration baseType="identifier" cardinality="multiple" identifier="FEEDBACK"></outcomeDeclaration><outcomeDeclaration baseType="float" cardinality="single" identifier="SCORE"></outcomeDeclaration><itemBody><div class="xml_mml"><p>Label each tick mark with its location on the number line:</p>

<img alt="A number line" height="71" src="https://s3.amazonaws.com/im-ims-export/Q1QNLdvSXCk73afGAyjBrHN3" width="959"/>
</div><extendedTextInteraction responseIdentifier="RESPONSE"></extendedTextInteraction></itemBody><modalFeedback identifier="solution" outcomeIdentifier="FEEDBACK" showHide="hide"><div class="solution"><div class="xml_mml"><p>Each tick mark should be labeled with a multiple of 3 (3, 6, 9, 12, etc.).</p>
</div></div></modalFeedback></assessmentItem>