<assessmentItem adaptive="false" identifier="id5d7379d02b2b1306288c105a99c66" timeDependent="false" title="One batch of cookies calls for 1 bag of mix..." xmlns="http://www.imsglobal.org/xsd/imsqti_v2p1" xmlns:xsi="http://www.w3.org/2001/XMLSchema-instance" xsi:schemaLocation="http://www.imsglobal.org/xsd/imsqti_v2p1 http://www.imsglobal.org/xsd/qti/qtiv2p1/imsqti_v2p1.xsd"><responseDeclaration baseType="string" cardinality="single" identifier="RESPONSE"></responseDeclaration><outcomeDeclaration baseType="identifier" cardinality="multiple" identifier="FEEDBACK"></outcomeDeclaration><outcomeDeclaration baseType="float" cardinality="single" identifier="SCORE"></outcomeDeclaration><itemBody><div class="xml_mml"><p>One batch of cookies calls for 1 bag of mix and the ingredients shown in the table.</p>

<table>
	<thead>
		<tr>
			<th scope="row">type of cookie</th>
			<th scope="col">eggs</th>
			<th scope="col">water</th>
			<th scope="col">oil</th>
		</tr>
	</thead>
	<tbody>
		<tr>
			<th scope="row">regular</th>
			<td>1 egg</td>
			<td><span class="mjpage"><math xmlns="http://www.w3.org/1998/Math/MathML" alttext="\frac18">
  <mfrac>
    <mn>1</mn>
    <mn>8</mn>
  </mfrac>
</math></span></td>
			<td><span class="mjpage"><math xmlns="http://www.w3.org/1998/Math/MathML" alttext="\frac13">
  <mfrac>
    <mn>1</mn>
    <mn>3</mn>
  </mfrac>
</math></span></td>
		</tr>
		<tr>
			<th scope="row">cake-like</th>
			<td>2 eggs</td>
			<td><span class="mjpage"><math xmlns="http://www.w3.org/1998/Math/MathML" alttext="\frac18">
  <mfrac>
    <mn>1</mn>
    <mn>8</mn>
  </mfrac>
</math></span></td>
			<td><span class="mjpage"><math xmlns="http://www.w3.org/1998/Math/MathML" alttext="\frac13">
  <mfrac>
    <mn>1</mn>
    <mn>3</mn>
  </mfrac>
</math></span></td>
		</tr>
	</tbody>
</table>

<ol>
	<li>
	<p>What amounts of eggs, water, and oil would you need for 2 batches of regular cookies?</p>
	</li>
	<li>
	<p>What amounts of eggs, water, and oil would you need for 3 batches of cake-like cookies?</p>
	</li>
</ol>
</div><extendedTextInteraction responseIdentifier="RESPONSE"></extendedTextInteraction></itemBody><modalFeedback identifier="solution" outcomeIdentifier="FEEDBACK" showHide="hide"><div class="solution"><div class="xml_mml"><ol>
	<li>2 eggs, <span class="mjpage"><math xmlns="http://www.w3.org/1998/Math/MathML" alttext="\frac{1}{4}">
  <mfrac>
    <mn>1</mn>
    <mn>4</mn>
  </mfrac>
</math></span> cup water, <span class="mjpage"><math xmlns="http://www.w3.org/1998/Math/MathML" alttext="\frac{2}{3}">
  <mfrac>
    <mn>2</mn>
    <mn>3</mn>
  </mfrac>
</math></span> cup oil (or equivalent)</li>
	<li>6 eggs, <span class="mjpage"><math xmlns="http://www.w3.org/1998/Math/MathML" alttext="\frac{3}{8}">
  <mfrac>
    <mn>3</mn>
    <mn>8</mn>
  </mfrac>
</math></span> cup water, 1 cup oil (or equivalent)</li>
</ol>
</div></div></modalFeedback></assessmentItem>