<assessmentItem adaptive="false" identifier="id9c365dfbf984fa5953228ad24f097" timeDependent="false" title="Here is a number line:" xmlns="http://www.imsglobal.org/xsd/imsqti_v2p1" xmlns:xsi="http://www.w3.org/2001/XMLSchema-instance" xsi:schemaLocation="http://www.imsglobal.org/xsd/imsqti_v2p1 http://www.imsglobal.org/xsd/qti/qtiv2p1/imsqti_v2p1.xsd"><responseDeclaration baseType="string" cardinality="single" identifier="RESPONSE"></responseDeclaration><outcomeDeclaration baseType="identifier" cardinality="multiple" identifier="FEEDBACK"></outcomeDeclaration><outcomeDeclaration baseType="float" cardinality="single" identifier="SCORE"></outcomeDeclaration><itemBody><div class="xml_mml"><p>Here is a number line:</p>

<img alt="A number line" height="75" src="https://s3.amazonaws.com/im-ims-export/YYcujC3sZ3i1JASXVuEw3x5L" width="978"/>

<ol>
	<li>Write the number at <span class="mjpage"><math xmlns="http://www.w3.org/1998/Math/MathML" alttext="A">
  <mi>A</mi>
</math></span> as a fraction.
</li>
	<li>Write the number at <span class="mjpage"><math xmlns="http://www.w3.org/1998/Math/MathML" alttext="A">
  <mi>A</mi>
</math></span> as an equivalent fraction.
</li>
</ol>
</div><extendedTextInteraction responseIdentifier="RESPONSE"></extendedTextInteraction></itemBody><modalFeedback identifier="solution" outcomeIdentifier="FEEDBACK" showHide="hide"><div class="solution"><div class="xml_mml"><ol>
	<li>
<span class="mjpage"><math xmlns="http://www.w3.org/1998/Math/MathML" alttext="\frac{1}{3}">
  <mfrac>
    <mn>1</mn>
    <mn>3</mn>
  </mfrac>
</math></span> (or equivalent)</li>
	<li>
<span class="mjpage"><math xmlns="http://www.w3.org/1998/Math/MathML" alttext="\frac{2}{6}">
  <mfrac>
    <mn>2</mn>
    <mn>6</mn>
  </mfrac>
</math></span> (or equivalent, but different from previous answer)</li>
</ol>
</div></div></modalFeedback></assessmentItem>