<assessmentItem adaptive="false" identifier="idb8d96ad3bc2f50b570be8f5d73d5d" timeDependent="false" title="42 is 6 times what number?4 is 28 times..." xmlns="http://www.imsglobal.org/xsd/imsqti_v2p1" xmlns:xsi="http://www.w3.org/2001/XMLSchema-instance" xsi:schemaLocation="http://www.imsglobal.org/xsd/imsqti_v2p1 http://www.imsglobal.org/xsd/qti/qtiv2p1/imsqti_v2p1.xsd"><responseDeclaration baseType="string" cardinality="single" identifier="RESPONSE"></responseDeclaration><outcomeDeclaration baseType="identifier" cardinality="multiple" identifier="FEEDBACK"></outcomeDeclaration><outcomeDeclaration baseType="float" cardinality="single" identifier="SCORE"></outcomeDeclaration><itemBody><div class="xml_mml"><ol>
	<li>42 is 6 times what number?
</li>
	<li>4 is 28 times what number?
</li>
	<li>700 is 7 times what number?
</li>
	<li>Choose one part and explain how you know your answer is correct.
</li>
</ol>
</div><extendedTextInteraction responseIdentifier="RESPONSE"></extendedTextInteraction></itemBody><modalFeedback identifier="solution" outcomeIdentifier="FEEDBACK" showHide="hide"><div class="solution"><div class="xml_mml"><ol>
	<li>7</li>
	<li><span class="mjpage"><math xmlns="http://www.w3.org/1998/Math/MathML" alttext="\frac{1}{7}">
  <mfrac>
    <mn>1</mn>
    <mn>7</mn>
  </mfrac>
</math></span></li>
	<li>100</li>
	<li>Explanations vary.</li>
</ol>
</div></div></modalFeedback></assessmentItem>