<assessmentItem adaptive="false" identifier="idc76587c5c0af655bb49e60d95adaf" timeDependent="false" title="Which skateboarder is faster: Jada who travels 2 miles in..." xmlns="http://www.imsglobal.org/xsd/imsqti_v2p1" xmlns:xsi="http://www.w3.org/2001/XMLSchema-instance" xsi:schemaLocation="http://www.imsglobal.org/xsd/imsqti_v2p1 http://www.imsglobal.org/xsd/qti/qtiv2p1/imsqti_v2p1.xsd"><responseDeclaration baseType="string" cardinality="single" identifier="RESPONSE"></responseDeclaration><outcomeDeclaration baseType="identifier" cardinality="multiple" identifier="FEEDBACK"></outcomeDeclaration><outcomeDeclaration baseType="float" cardinality="single" identifier="SCORE"></outcomeDeclaration><itemBody><div class="xml_mml"><p>Which skateboarder is faster: Jada, who travels 2 miles in 12 minutes at a constant speed, or Clare, who travels 2 miles in 10 minutes at a constant speed? Explain how you know.</p>
</div><extendedTextInteraction responseIdentifier="RESPONSE"></extendedTextInteraction></itemBody><modalFeedback identifier="solution" outcomeIdentifier="FEEDBACK" showHide="hide"><div class="solution"><div class="xml_mml"><p>Clare is faster because she covers the same distance as Jada in less time.</p>
</div></div></modalFeedback></assessmentItem>