<?xml version="1.0" encoding="utf-8" ?><manifest identifier="id6e805ff032df9a9b42d46d9272ad1" xmlns="http://www.imsglobal.org/xsd/imscp_v1p1" xmlns:imsmd="http://ltsc.ieee.org/xsd/LOM" xmlns:imsqti="http://www.imsglobal.org/xsd/imsqti_v2p1" xmlns:xsi="http://www.w3.org/2001/XMLSchema-instance" xsi:schemaLocation="http://www.imsglobal.org/xsd/imsqti_v2p1 http://www.imsglobal.org/xsd/qti/qtiv2p1/imsqti_v2p1.xsd http://ltsc.ieee.org/xsd/LOM http://www.imsglobal.org/xsd/imsmd_loose_v1p3p2.xsd http://www.imsglobal.org/xsd/imscp_v1p1 http://www.imsglobal.org/xsd/qti/qtiv2p1/qtiv2p1_imscpv1p2_v1p0.xsd"><metadata><schema>QTIv2.1 Package</schema><schemaversion>1.0.0</schemaversion><imsmd:lom><imsmd:general><imsmd:title><imsmd:string language="en">Grade6.2 Check Your Readiness (B)</imsmd:string></imsmd:title><imsmd:language>en</imsmd:language></imsmd:general><imsmd:taxonpath><imsmd:source><imsmd:string language="en">CCSS Standards</imsmd:string></imsmd:source><imsmd:taxon><imsmd:entry><imsmd:string language="en">6.RP.A.3</imsmd:string></imsmd:entry></imsmd:taxon></imsmd:taxonpath></imsmd:lom></metadata><organizations></organizations><resources><resource href="assessment.xml" identifier="id3c75d684c193ff1b133d680681f7f" type="imsqti_test_xmlv2p1"><file href="assessment.xml"></file><dependency identifierref="id20670bd788872c4499877836a3f58"></dependency><dependency identifierref="idb8d96ad3bc2f50b570be8f5d73d5d"></dependency><dependency identifierref="id38b11d2e2a44280fcea6a81359411"></dependency><dependency identifierref="id9c365dfbf984fa5953228ad24f097"></dependency><dependency identifierref="id5d7379d02b2b1306288c105a99c66"></dependency><dependency identifierref="idc76587c5c0af655bb49e60d95adaf"></dependency></resource><resource href="id20670bd788872c4499877836a3f58.xml" identifier="id20670bd788872c4499877836a3f58" type="imsqti_item_xmlv2p1"><file href="id20670bd788872c4499877836a3f58.xml"></file></resource><resource href="idb8d96ad3bc2f50b570be8f5d73d5d.xml" identifier="idb8d96ad3bc2f50b570be8f5d73d5d" type="imsqti_item_xmlv2p1"><file href="idb8d96ad3bc2f50b570be8f5d73d5d.xml"></file></resource><resource href="id38b11d2e2a44280fcea6a81359411.xml" identifier="id38b11d2e2a44280fcea6a81359411" type="imsqti_item_xmlv2p1"><file href="id38b11d2e2a44280fcea6a81359411.xml"></file></resource><resource href="id9c365dfbf984fa5953228ad24f097.xml" identifier="id9c365dfbf984fa5953228ad24f097" type="imsqti_item_xmlv2p1"><file href="id9c365dfbf984fa5953228ad24f097.xml"></file></resource><resource href="id5d7379d02b2b1306288c105a99c66.xml" identifier="id5d7379d02b2b1306288c105a99c66" type="imsqti_item_xmlv2p1"><file href="id5d7379d02b2b1306288c105a99c66.xml"></file></resource><resource href="idc76587c5c0af655bb49e60d95adaf.xml" identifier="idc76587c5c0af655bb49e60d95adaf" type="imsqti_item_xmlv2p1"><file href="idc76587c5c0af655bb49e60d95adaf.xml"></file></resource></resources></manifest>