<?xml version="1.0" encoding="UTF-8"?>
<assessmentItem xmlns="http://www.imsglobal.org/xsd/imsqti_v2p2" xmlns:m="http://www.w3.org/1998/Math/MathML" xmlns:xsi="http://www.w3.org/2001/XMLSchema-instance" xsi:schemaLocation="http://www.imsglobal.org/xsd/imsqti_v2p2 http://www.imsglobal.org/xsd/qti/qtiv2p2/imsqti_v2p2.xsd" identifier="i652d5d4660c7c7530d5d356692f6b714b" title="Item 1" label="Item 4" xml:lang="en-US" adaptive="false" timeDependent="false" toolName="TAO" toolVersion="3.4.0-sprint121">
  <responseDeclaration identifier="RESPONSE" cardinality="single" baseType="string"/>
  <outcomeDeclaration identifier="SCORE" cardinality="single" baseType="float" normalMaximum="0"/>
  <outcomeDeclaration identifier="MAXSCORE" cardinality="single" baseType="float">
    <defaultValue>
      <value>0</value>
    </defaultValue>
  </outcomeDeclaration>
  <stylesheet href="style/custom/tao-user-styles.css" type="text/css" media="all" title=""/>
  <itemBody>
    <div class="grid-row">
      <div class="col-12">
        <extendedTextInteraction responseIdentifier="RESPONSE" base="10" minStrings="0" format="plain">
          <prompt><p>Here is a double number line showing that it costs <span>$</span>3 to buy 2 bags of rice:</p>

<figure class="embedded-content embedded-content-image-file embedded-content-image" data-embedder-target="print" data-record-id="27398" data-record-model="ImageFile"><span class="c-figure__label"></span><img alt="Double number line. Cost, dollars. Rice, number of bags." class="h-max-height--8-lines" role="image" src="https://cms-assets.illustrativemathematics.org/q6roPSEYnf55DPcuMWe3gJGX"><figcaption class="c-figcaption"></figcaption></figure>

<ol>
	<li class="presentation-tag-classes-added h-written-response--halfinch">At this rate, how many bags of rice can you buy with <span>$</span>12?
</li>
	<li class="presentation-tag-classes-added h-written-response--halfinch">Find the cost per bag.
</li>
	<li>How much do 20 bags of rice cost?</li>
</ol></prompt>
        </extendedTextInteraction>
      </div>
    </div>
  </itemBody>
  <responseProcessing template="http://www.imsglobal.org/question/qti_v2p1/rptemplates/match_correct"/>
</assessmentItem>
