<?xml version="1.0"?>
<manifest xmlns="http://www.imsglobal.org/xsd/imscp_v1p1" xmlns:xsi="http://www.w3.org/2001/XMLSchema-instance" xsi:schemaLocation="http://www.imsglobal.org/xsd/imscp_v1p1 http://www.imsglobal.org/xsd/qti/qtiv2p1/qtiv2p1_imscpv1p2_v1p0.xsd http://ltsc.ieee.org/xsd/LOM http://www.imsglobal.org/xsd/imsmd_loose_v1p3p2.xsd" identifier="MANIFEST-tao652d620ef20fa0-37185925" xmlns:imsmd="http://ltsc.ieee.org/xsd/LOM">
    <metadata>
        <schema>QTIv2.1 Package</schema>
        <schemaversion>1.0.0</schemaversion>
    </metadata>
    <organizations/>
    <resources>
                <resource identifier="i652d5d4660c7c7530d5d356692f6b714b" type="imsqti_item_xmlv2p1" href="i652d5d4660c7c7530d5d356692f6b714b/qti.xml">
            <metadata><imsmd:lom><imsmd:classification><imsmd:taxonPath><imsmd:source><imsmd:string xml:lang="en-US">http://www.w3.org/2000/01/rdf-schema#label</imsmd:string></imsmd:source><imsmd:taxon><imsmd:entry><imsmd:string xml:lang="en-US">Cool Down: Price of Bagels</imsmd:string></imsmd:entry></imsmd:taxon></imsmd:taxonPath></imsmd:classification></imsmd:lom></metadata><file href="i652d5d4660c7c7530d5d356692f6b714b/qti.xml"/>
                        <file href="i652d5d4660c7c7530d5d356692f6b714b/style/custom/tao-user-styles.css"/>
                    </resource>
            </resources>
</manifest>
