<?xml version="1.0" encoding="utf-8" ?><assessmentTest identifier="idc7a2bcd71a57a3258df4119f6ed8a" title="Grade6.2 Check Your Readiness (A)" xmlns="http://www.imsglobal.org/xsd/imsqti_v2p1" xmlns:m="http://www.w3.org/1998/Math/MathML" xmlns:xi="http://www.w3.org/2001/XInclude" xmlns:xsi="http://www.w3.org/2001/XMLSchema-instance" xsi:schemaLocation="http://www.imsglobal.org/xsd/imsqti_v2p1 http://www.imsglobal.org/xsd/qti/qtiv2p1/imsqti_v2p1.xsd"><outcomeDeclaration baseType="float" cardinality="single" identifier="SCORE"><defaultValue><value>0</value></defaultValue></outcomeDeclaration><testPart identifier="Main" navigationMode="linear" submissionMode="individual"><assessmentSection identifier="SECTION-1" title="Section 1" visible="true"><assessmentItemRef href="id2e0976dfbc305827063f41c774d92.xml" identifier="id2e0976dfbc305827063f41c774d92"></assessmentItemRef><assessmentItemRef href="id84f4b3100b14b2507e7d384978c01.xml" identifier="id84f4b3100b14b2507e7d384978c01"></assessmentItemRef><assessmentItemRef href="id47a53cd188044ff59d1a618c84e4d.xml" identifier="id47a53cd188044ff59d1a618c84e4d"></assessmentItemRef><assessmentItemRef href="id03e19babd0bb193c248bc2bdd1b9f.xml" identifier="id03e19babd0bb193c248bc2bdd1b9f"></assessmentItemRef><assessmentItemRef href="iddf852e4eacdc1a2ad6df803ca8394.xml" identifier="iddf852e4eacdc1a2ad6df803ca8394"></assessmentItemRef><assessmentItemRef href="id6d756283daf62af85730217d674a9.xml" identifier="id6d756283daf62af85730217d674a9"></assessmentItemRef></assessmentSection></testPart></assessmentTest>