<assessmentItem adaptive="false" identifier="id2e0976dfbc305827063f41c774d92" timeDependent="false" title="Consider these fractions: $\frac23$, $\frac45$, $\frac69$. Two of these. . ." xmlns="http://www.imsglobal.org/xsd/imsqti_v2p1" xmlns:xsi="http://www.w3.org/2001/XMLSchema-instance" xsi:schemaLocation="http://www.imsglobal.org/xsd/imsqti_v2p1 http://www.imsglobal.org/xsd/qti/qtiv2p1/imsqti_v2p1.xsd"><responseDeclaration baseType="string" cardinality="single" identifier="RESPONSE"></responseDeclaration><outcomeDeclaration baseType="identifier" cardinality="multiple" identifier="FEEDBACK"></outcomeDeclaration><outcomeDeclaration baseType="float" cardinality="single" identifier="SCORE"></outcomeDeclaration><itemBody><div class="xml_mml"><p>Here are three fractions: <span class="mjpage"><math xmlns="http://www.w3.org/1998/Math/MathML" alttext="\frac23">
  <mfrac>
    <mn>2</mn>
    <mn>3</mn>
  </mfrac>
</math></span>, <span class="mjpage"><math xmlns="http://www.w3.org/1998/Math/MathML" alttext="\frac45">
  <mfrac>
    <mn>4</mn>
    <mn>5</mn>
  </mfrac>
</math></span>, <span class="mjpage"><math xmlns="http://www.w3.org/1998/Math/MathML" alttext="\frac69">
  <mfrac>
    <mn>6</mn>
    <mn>9</mn>
  </mfrac>
</math></span>. Two of these fractions are equivalent to each other. Which two? Explain or show your reasoning.</p>
</div><extendedTextInteraction responseIdentifier="RESPONSE"></extendedTextInteraction></itemBody><modalFeedback identifier="solution" outcomeIdentifier="FEEDBACK" showHide="hide"><div class="solution"><div class="xml_mml"><p><span class="mjpage"><math xmlns="http://www.w3.org/1998/Math/MathML" alttext="\frac23">
  <mfrac>
    <mn>2</mn>
    <mn>3</mn>
  </mfrac>
</math></span> and <span class="mjpage"><math xmlns="http://www.w3.org/1998/Math/MathML" alttext="\frac69">
  <mfrac>
    <mn>6</mn>
    <mn>9</mn>
  </mfrac>
</math></span> are equivalent to each other. Possible strategies:</p>

<ul>
	<li>2 and 3 can be multiplied by 3 to get 6 and 9.</li>
	<li>Here is a diagram:
	<img alt="Two fraction bars. " class="h-max-height--7-lines" height="190" src="https://s3.amazonaws.com/im-ims-export/RdSexAJewWpvp4jUTbaYdzeN" width="454"/>
	</li>
</ul>
</div></div></modalFeedback></assessmentItem>