<assessmentItem adaptive="false" identifier="id47a53cd188044ff59d1a618c84e4d" timeDependent="false" title="Write the missing number under each tick mark on the number line. . ." xmlns="http://www.imsglobal.org/xsd/imsqti_v2p1" xmlns:xsi="http://www.w3.org/2001/XMLSchema-instance" xsi:schemaLocation="http://www.imsglobal.org/xsd/imsqti_v2p1 http://www.imsglobal.org/xsd/qti/qtiv2p1/imsqti_v2p1.xsd"><responseDeclaration baseType="string" cardinality="single" identifier="RESPONSE"></responseDeclaration><outcomeDeclaration baseType="identifier" cardinality="multiple" identifier="FEEDBACK"></outcomeDeclaration><outcomeDeclaration baseType="float" cardinality="single" identifier="SCORE"></outcomeDeclaration><itemBody><div class="xml_mml"><p>Label each tick mark with its location on the number line:</p>

<img alt="A number line with 11 tick marks. The first tick mark is labeled 0. The fifth tick mark is labeled 24. The eleventh tick mark is labeled 60. " class="h-max-height--5-lines" height="88" src="https://s3.amazonaws.com/im-ims-export/WJk99kDvXDX9shzyMn2c9eUX" width="1800"/>

<p> </p>
</div><extendedTextInteraction responseIdentifier="RESPONSE"></extendedTextInteraction></itemBody><modalFeedback identifier="solution" outcomeIdentifier="FEEDBACK" showHide="hide"><div class="solution"><div class="xml_mml"><img alt="A number line. " height="88" src="https://s3.amazonaws.com/im-ims-export/6ysKFSaFVhxBKnm8QeCpDgcV" width="1800"/>
</div></div></modalFeedback></assessmentItem>