<assessmentItem adaptive="false" identifier="id6d756283daf62af85730217d674a9" timeDependent="false" title="What travels faster: a car that travels 6 miles in 10 minutes at a. . ." xmlns="http://www.imsglobal.org/xsd/imsqti_v2p1" xmlns:xsi="http://www.w3.org/2001/XMLSchema-instance" xsi:schemaLocation="http://www.imsglobal.org/xsd/imsqti_v2p1 http://www.imsglobal.org/xsd/qti/qtiv2p1/imsqti_v2p1.xsd"><responseDeclaration baseType="string" cardinality="single" identifier="RESPONSE"></responseDeclaration><outcomeDeclaration baseType="identifier" cardinality="multiple" identifier="FEEDBACK"></outcomeDeclaration><outcomeDeclaration baseType="float" cardinality="single" identifier="SCORE"></outcomeDeclaration><itemBody><div class="xml_mml"><p>Which travels faster: a car that travels 6 miles in 10 minutes at a constant speed, or a train that travels 6 miles in 8 minutes at a constant speed? Explain how you know.</p>
</div><extendedTextInteraction responseIdentifier="RESPONSE"></extendedTextInteraction></itemBody><modalFeedback identifier="solution" outcomeIdentifier="FEEDBACK" showHide="hide"><div class="solution"><div class="xml_mml"><p>The train travels faster because it covers the same distance as the car in less time.</p>
</div></div></modalFeedback></assessmentItem>