<assessmentItem adaptive="false" identifier="id84f4b3100b14b2507e7d384978c01" timeDependent="false" title="1. 28 is 7 times what number?   2. 8 is 32 times what number?   3. 4000. . ." xmlns="http://www.imsglobal.org/xsd/imsqti_v2p1" xmlns:xsi="http://www.w3.org/2001/XMLSchema-instance" xsi:schemaLocation="http://www.imsglobal.org/xsd/imsqti_v2p1 http://www.imsglobal.org/xsd/qti/qtiv2p1/imsqti_v2p1.xsd"><responseDeclaration baseType="string" cardinality="single" identifier="RESPONSE"></responseDeclaration><outcomeDeclaration baseType="identifier" cardinality="multiple" identifier="FEEDBACK"></outcomeDeclaration><outcomeDeclaration baseType="float" cardinality="single" identifier="SCORE"></outcomeDeclaration><itemBody><div class="xml_mml"><ol>
	<li>28 is 7 times what number?</li>
	<li>8 is 32 times what number?</li>
	<li>4000 is 4 times what number?</li>
	<li>Choose one part and explain how you know your answer is correct.
</li>
</ol>
</div><extendedTextInteraction responseIdentifier="RESPONSE"></extendedTextInteraction></itemBody><modalFeedback identifier="solution" outcomeIdentifier="FEEDBACK" showHide="hide"><div class="solution"><div class="xml_mml"><ol>
	<li>4</li>
	<li><span class="mjpage"><math xmlns="http://www.w3.org/1998/Math/MathML" alttext="\frac14">
  <mfrac>
    <mn>1</mn>
    <mn>4</mn>
  </mfrac>
</math></span></li>
	<li>1000</li>
	<li>Explanations vary.</li>
</ol>
</div></div></modalFeedback></assessmentItem>