<assessmentItem adaptive="false" identifier="iddf852e4eacdc1a2ad6df803ca8394" timeDependent="false" title="One batch of brownies calls for 1 box of brownie mix and the ingredients. . ." xmlns="http://www.imsglobal.org/xsd/imsqti_v2p1" xmlns:xsi="http://www.w3.org/2001/XMLSchema-instance" xsi:schemaLocation="http://www.imsglobal.org/xsd/imsqti_v2p1 http://www.imsglobal.org/xsd/qti/qtiv2p1/imsqti_v2p1.xsd"><responseDeclaration baseType="string" cardinality="single" identifier="RESPONSE"></responseDeclaration><outcomeDeclaration baseType="identifier" cardinality="multiple" identifier="FEEDBACK"></outcomeDeclaration><outcomeDeclaration baseType="float" cardinality="single" identifier="SCORE"></outcomeDeclaration><itemBody><div class="xml_mml"><p>One batch of brownies calls for 1 box of brownie mix and the ingredients shown.</p>

<table>
	<thead>
		<tr>
			<th scope="row">type of brownie</th>
			<th scope="col">eggs</th>
			<th scope="col">water</th>
			<th scope="col">oil</th>
		</tr>
	</thead>
	<tbody>
		<tr>
			<td>fudge-like</td>
			<td>2 eggs</td>
			<td>
<span class="mjpage"><math xmlns="http://www.w3.org/1998/Math/MathML" alttext="\frac14">
  <mfrac>
    <mn>1</mn>
    <mn>4</mn>
  </mfrac>
</math></span> cup</td>
			<td>
<span class="mjpage"><math xmlns="http://www.w3.org/1998/Math/MathML" alttext="\frac12">
  <mfrac>
    <mn>1</mn>
    <mn>2</mn>
  </mfrac>
</math></span> cup</td>
		</tr>
		<tr>
			<td>cake-like</td>
			<td>3 eggs</td>
			<td>
<span class="mjpage"><math xmlns="http://www.w3.org/1998/Math/MathML" alttext="\frac14">
  <mfrac>
    <mn>1</mn>
    <mn>4</mn>
  </mfrac>
</math></span> cup</td>
			<td>
<span class="mjpage"><math xmlns="http://www.w3.org/1998/Math/MathML" alttext="\frac12">
  <mfrac>
    <mn>1</mn>
    <mn>2</mn>
  </mfrac>
</math></span> cup</td>
		</tr>
	</tbody>
</table>

<ol>
	<li>What amounts of eggs, water, and oil would you need for 2 batches of fudge-like brownies?
</li>
	<li>What amounts of eggs, water, and oil would you need for 3 batches of cake-like brownies?
</li>
</ol>
</div><extendedTextInteraction responseIdentifier="RESPONSE"></extendedTextInteraction></itemBody><modalFeedback identifier="solution" outcomeIdentifier="FEEDBACK" showHide="hide"><div class="solution"><div class="xml_mml"><ol>
	<li>4 eggs, <span class="mjpage"><math xmlns="http://www.w3.org/1998/Math/MathML" alttext="\frac12">
  <mfrac>
    <mn>1</mn>
    <mn>2</mn>
  </mfrac>
</math></span> cup water, 1 cup oil (or equivalent)</li>
	<li>9 eggs, <span class="mjpage"><math xmlns="http://www.w3.org/1998/Math/MathML" alttext="\frac34">
  <mfrac>
    <mn>3</mn>
    <mn>4</mn>
  </mfrac>
</math></span> cup water, <span class="mjpage"><math xmlns="http://www.w3.org/1998/Math/MathML" alttext="1\frac12">
  <mn>1</mn>
  <mfrac>
    <mn>1</mn>
    <mn>2</mn>
  </mfrac>
</math></span> cups oil (or equivalent)</li>
</ol>
</div></div></modalFeedback></assessmentItem>