<?xml version="1.0" encoding="utf-8" ?><manifest identifier="id4a3489bc5fac0dca22db054dd2391" xmlns="http://www.imsglobal.org/xsd/imscp_v1p1" xmlns:imsmd="http://ltsc.ieee.org/xsd/LOM" xmlns:imsqti="http://www.imsglobal.org/xsd/imsqti_v2p1" xmlns:xsi="http://www.w3.org/2001/XMLSchema-instance" xsi:schemaLocation="http://www.imsglobal.org/xsd/imsqti_v2p1 http://www.imsglobal.org/xsd/qti/qtiv2p1/imsqti_v2p1.xsd http://ltsc.ieee.org/xsd/LOM http://www.imsglobal.org/xsd/imsmd_loose_v1p3p2.xsd http://www.imsglobal.org/xsd/imscp_v1p1 http://www.imsglobal.org/xsd/qti/qtiv2p1/qtiv2p1_imscpv1p2_v1p0.xsd"><metadata><schema>QTIv2.1 Package</schema><schemaversion>1.0.0</schemaversion><imsmd:lom><imsmd:general><imsmd:title><imsmd:string language="en">Grade6.2 Check Your Readiness (A)</imsmd:string></imsmd:title><imsmd:language>en</imsmd:language></imsmd:general><imsmd:taxonpath><imsmd:source><imsmd:string language="en">CCSS Standards</imsmd:string></imsmd:source><imsmd:taxon><imsmd:entry><imsmd:string language="en">6.RP.A.3</imsmd:string></imsmd:entry></imsmd:taxon></imsmd:taxonpath></imsmd:lom></metadata><organizations></organizations><resources><resource href="assessment.xml" identifier="idc7a2bcd71a57a3258df4119f6ed8a" type="imsqti_test_xmlv2p1"><file href="assessment.xml"></file><dependency identifierref="id2e0976dfbc305827063f41c774d92"></dependency><dependency identifierref="id84f4b3100b14b2507e7d384978c01"></dependency><dependency identifierref="id47a53cd188044ff59d1a618c84e4d"></dependency><dependency identifierref="id03e19babd0bb193c248bc2bdd1b9f"></dependency><dependency identifierref="iddf852e4eacdc1a2ad6df803ca8394"></dependency><dependency identifierref="id6d756283daf62af85730217d674a9"></dependency></resource><resource href="id2e0976dfbc305827063f41c774d92.xml" identifier="id2e0976dfbc305827063f41c774d92" type="imsqti_item_xmlv2p1"><file href="id2e0976dfbc305827063f41c774d92.xml"></file></resource><resource href="id84f4b3100b14b2507e7d384978c01.xml" identifier="id84f4b3100b14b2507e7d384978c01" type="imsqti_item_xmlv2p1"><file href="id84f4b3100b14b2507e7d384978c01.xml"></file></resource><resource href="id47a53cd188044ff59d1a618c84e4d.xml" identifier="id47a53cd188044ff59d1a618c84e4d" type="imsqti_item_xmlv2p1"><file href="id47a53cd188044ff59d1a618c84e4d.xml"></file></resource><resource href="id03e19babd0bb193c248bc2bdd1b9f.xml" identifier="id03e19babd0bb193c248bc2bdd1b9f" type="imsqti_item_xmlv2p1"><file href="id03e19babd0bb193c248bc2bdd1b9f.xml"></file></resource><resource href="iddf852e4eacdc1a2ad6df803ca8394.xml" identifier="iddf852e4eacdc1a2ad6df803ca8394" type="imsqti_item_xmlv2p1"><file href="iddf852e4eacdc1a2ad6df803ca8394.xml"></file></resource><resource href="id6d756283daf62af85730217d674a9.xml" identifier="id6d756283daf62af85730217d674a9" type="imsqti_item_xmlv2p1"><file href="id6d756283daf62af85730217d674a9.xml"></file></resource></resources></manifest>