<?xml version="1.0" encoding="UTF-8"?>
<assessmentItem xmlns="http://www.imsglobal.org/xsd/imsqti_v2p2" xmlns:m="http://www.w3.org/1998/Math/MathML" xmlns:xsi="http://www.w3.org/2001/XMLSchema-instance" xsi:schemaLocation="http://www.imsglobal.org/xsd/imsqti_v2p2 http://www.imsglobal.org/xsd/qti/qtiv2p2/imsqti_v2p2.xsd" identifier="i652d5d4660c7c7530d5d356692f6b714b" title="Item 1" label="Item 8" xml:lang="en-US" adaptive="false" timeDependent="false" toolName="TAO" toolVersion="3.4.0-sprint121">
  <responseDeclaration identifier="RESPONSE" cardinality="single" baseType="string"/>
  <outcomeDeclaration identifier="SCORE" cardinality="single" baseType="float" normalMaximum="0"/>
  <outcomeDeclaration identifier="MAXSCORE" cardinality="single" baseType="float">
    <defaultValue>
      <value>0</value>
    </defaultValue>
  </outcomeDeclaration>
  <stylesheet href="style/custom/tao-user-styles.css" type="text/css" media="all" title=""/>
  <itemBody>
    <div class="grid-row">
      <div class="col-12">
        <extendedTextInteraction responseIdentifier="RESPONSE" base="10" minStrings="0" format="plain">
          <prompt><p>In previous lessons, we worked with a diagram and a double number line that represent this cookie recipe. Here is a table that represents the same situation.</p>

<table border="1">
	<thead>
		<tr>
			<th scope="col">flour (cups)</th>
			<th scope="col">vanilla (teaspoons)</th>
		</tr>
	</thead>
	<tbody>
		<tr>
			<td>5</td>
			<td>2</td>
		</tr>
		<tr>
			<td>15</td>
			<td>6</td>
		</tr>
		<tr>
			<td>2 1/2</td>
			<td>1</td>
		</tr>
		<tr>
			<td></td>
			<td></td>
		</tr>
	</tbody>
</table>

<ol>
	<li class="presentation-tag-classes-added h-written-response--short">Write a sentence that describes a ratio shown in the table.
</li>
	<li class="presentation-tag-classes-added h-written-response--short">What does the second row of numbers represent?
</li>
	<li>Complete the last row for a different batch size that hasn’t been used so far in the table. Explain or show your reasoning.</li>
</ol></prompt>
        </extendedTextInteraction>
      </div>
    </div>
  </itemBody>
  <responseProcessing template="http://www.imsglobal.org/question/qti_v2p1/rptemplates/match_correct"/>
</assessmentItem>
