<?xml version="1.0" encoding="utf-8" ?><assessmentTest identifier="idb61f5a3e137a0d192bf83fab12ed9" title="Grade6.2 End Of Unit Assessment (A)" xmlns="http://www.imsglobal.org/xsd/imsqti_v2p1" xmlns:m="http://www.w3.org/1998/Math/MathML" xmlns:xi="http://www.w3.org/2001/XInclude" xmlns:xsi="http://www.w3.org/2001/XMLSchema-instance" xsi:schemaLocation="http://www.imsglobal.org/xsd/imsqti_v2p1 http://www.imsglobal.org/xsd/qti/qtiv2p1/imsqti_v2p1.xsd"><outcomeDeclaration baseType="float" cardinality="single" identifier="SCORE"><defaultValue><value>0</value></defaultValue></outcomeDeclaration><testPart identifier="Main" navigationMode="linear" submissionMode="individual"><assessmentSection identifier="SECTION-1" title="Section 1" visible="true"><assessmentItemRef href="id13f03a51acb6006f03b4c33fce8d6.xml" identifier="id13f03a51acb6006f03b4c33fce8d6"></assessmentItemRef><assessmentItemRef href="id53d29ec0ea8c24a8600136b42684f.xml" identifier="id53d29ec0ea8c24a8600136b42684f"></assessmentItemRef><assessmentItemRef href="idd16f714aa4d75e2bfd7bcae6d787c.xml" identifier="idd16f714aa4d75e2bfd7bcae6d787c"></assessmentItemRef><assessmentItemRef href="id1b64df11f8c1e697ebbc9e20e6066.xml" identifier="id1b64df11f8c1e697ebbc9e20e6066"></assessmentItemRef><assessmentItemRef href="ide476409c7c3da067604b7aee60a01.xml" identifier="ide476409c7c3da067604b7aee60a01"></assessmentItemRef><assessmentItemRef href="id7ee549bf8780a0119d16b7896f544.xml" identifier="id7ee549bf8780a0119d16b7896f544"></assessmentItemRef><assessmentItemRef href="id5d2a3a37d2092d91f98ebb22e148d.xml" identifier="id5d2a3a37d2092d91f98ebb22e148d"></assessmentItemRef></assessmentSection></testPart></assessmentTest>