<assessmentItem adaptive="false" identifier="id1b64df11f8c1e697ebbc9e20e6066" timeDependent="false" title="Lin rode her bike 2 miles in 8 minutes. She rode at a constant speed...." xmlns="http://www.imsglobal.org/xsd/imsqti_v2p1" xmlns:xsi="http://www.w3.org/2001/XMLSchema-instance" xsi:schemaLocation="http://www.imsglobal.org/xsd/imsqti_v2p1 http://www.imsglobal.org/xsd/qti/qtiv2p1/imsqti_v2p1.xsd"><responseDeclaration baseType="string" cardinality="single" identifier="RESPONSE"></responseDeclaration><outcomeDeclaration baseType="identifier" cardinality="multiple" identifier="FEEDBACK"></outcomeDeclaration><outcomeDeclaration baseType="float" cardinality="single" identifier="SCORE"></outcomeDeclaration><itemBody><div class="xml_mml"><p>Lin rode her bike 2 miles in 8 minutes. She rode at a constant speed. Complete the table to show the time it took her to travel different distances at this speed.</p>

<table>
	<thead>
		<tr>
			<th scope="col">distance traveled (miles)</th>
			<th scope="col">elapsed time (minutes)</th>
		</tr>
	</thead>
	<tbody>
		<tr>
			<td>2</td>
			<td>8</td>
		</tr>
		<tr>
			<td>1</td>
			<td/>
		</tr>
		<tr>
			<td/>
			<td>1</td>
		</tr>
	</tbody>
</table>

<p> </p>
</div><extendedTextInteraction responseIdentifier="RESPONSE"></extendedTextInteraction></itemBody><modalFeedback identifier="solution" outcomeIdentifier="FEEDBACK" showHide="hide"><div class="solution"><div class="xml_mml"><table>
	<thead>
		<tr>
			<th scope="col">distance traveled (miles)</th>
			<th scope="col">elapsed time (minutes)</th>
		</tr>
	</thead>
	<tbody>
		<tr>
			<td>2</td>
			<td>8</td>
		</tr>
		<tr>
			<td>1</td>
			<td>4</td>
		</tr>
		<tr>
			<td><span class="mjpage"><math xmlns="http://www.w3.org/1998/Math/MathML" alttext="\frac14">
  <mfrac>
    <mn>1</mn>
    <mn>4</mn>
  </mfrac>
</math></span></td>
			<td>1</td>
		</tr>
	</tbody>
</table>
</div></div></modalFeedback></assessmentItem>