<assessmentItem adaptive="false" identifier="id53d29ec0ea8c24a8600136b42684f" timeDependent="false" title="Which of the following ratios are equivalent to $8:6$ ? Select all that..." xmlns="http://www.imsglobal.org/xsd/imsqti_v2p1" xmlns:xsi="http://www.w3.org/2001/XMLSchema-instance" xsi:schemaLocation="http://www.imsglobal.org/xsd/imsqti_v2p1 http://www.imsglobal.org/xsd/qti/qtiv2p1/imsqti_v2p1.xsd"><responseDeclaration baseType="identifier" cardinality="multiple" identifier="RESPONSE"><correctResponse><value>C0</value><value>C2</value></correctResponse><mapping defaultValue="0" lowerBound="0" upperBound="2"><mapEntry mapKey="C0" mappedValue="1"></mapEntry><mapEntry mapKey="C2" mappedValue="1"></mapEntry></mapping></responseDeclaration><outcomeDeclaration baseType="float" cardinality="single" identifier="SCORE"></outcomeDeclaration><itemBody><div class="xml_mml"><p>Select <strong>all</strong> the ratios that are equivalent to <span class="mjpage"><math xmlns="http://www.w3.org/1998/Math/MathML" alttext="8:6">
  <mn>8</mn>
  <mo>:</mo>
  <mn>6</mn>
</math></span></p>
</div><choiceInteraction maxChoices="5" responseIdentifier="RESPONSE" shuffle="true"><prompt></prompt><simpleChoice fixed="false" identifier="C0"><div class="xml_mml"><p>
  <span class="mjpage">
    <math xmlns="http://www.w3.org/1998/Math/MathML" alttext="4:3">
  <mn>4</mn>
  <mo>:</mo>
  <mn>3</mn>
</math>
  </span>
</p>
</div></simpleChoice><simpleChoice fixed="false" identifier="C1"><div class="xml_mml"><p>
  <span class="mjpage">
    <math xmlns="http://www.w3.org/1998/Math/MathML" alttext="6:8">
  <mn>6</mn>
  <mo>:</mo>
  <mn>8</mn>
</math>
  </span>
</p>
</div></simpleChoice><simpleChoice fixed="false" identifier="C2"><div class="xml_mml"><p>
  <span class="mjpage">
    <math xmlns="http://www.w3.org/1998/Math/MathML" alttext="16:12">
  <mn>16</mn>
  <mo>:</mo>
  <mn>12</mn>
</math>
  </span>
</p>
</div></simpleChoice><simpleChoice fixed="false" identifier="C3"><div class="xml_mml"><p>
  <span class="mjpage">
    <math xmlns="http://www.w3.org/1998/Math/MathML" alttext="10:8">
  <mn>10</mn>
  <mo>:</mo>
  <mn>8</mn>
</math>
  </span>
</p>
</div></simpleChoice><simpleChoice fixed="false" identifier="C4"><div class="xml_mml"><p class="h-page-break-after">
  <span class="mjpage">
    <math xmlns="http://www.w3.org/1998/Math/MathML" alttext="7:5">
  <mn>7</mn>
  <mo>:</mo>
  <mn>5</mn>
</math>
  </span>
</p>
</div></simpleChoice></choiceInteraction></itemBody><responseProcessing template="http://www.imsglobal.org/question/qti_v2p1/rptemplates/map_response"></responseProcessing></assessmentItem>