<assessmentItem adaptive="false" identifier="id5d2a3a37d2092d91f98ebb22e148d" timeDependent="false" title="To make orange fizz, Noah mixes 4 scoops of powder..." xmlns="http://www.imsglobal.org/xsd/imsqti_v2p1" xmlns:xsi="http://www.w3.org/2001/XMLSchema-instance" xsi:schemaLocation="http://www.imsglobal.org/xsd/imsqti_v2p1 http://www.imsglobal.org/xsd/qti/qtiv2p1/imsqti_v2p1.xsd"><responseDeclaration baseType="string" cardinality="single" identifier="RESPONSE"></responseDeclaration><outcomeDeclaration baseType="identifier" cardinality="multiple" identifier="FEEDBACK"></outcomeDeclaration><outcomeDeclaration baseType="float" cardinality="single" identifier="SCORE"></outcomeDeclaration><itemBody><div class="xml_mml"><p>To make orange fizz, Noah mixes 4 scoops of powder with 6 cups of water. Andre mixes 5 scoops of powder with 8 cups of water. </p>

<ol>
	<li>Create a double number line or a table that shows different amounts of powder and water that taste the same as Noah’s mixture.
</li>
	<li>Create a double number line or a table that shows different amounts of powder and water that taste the same as Andre’s mixture.
</li>
	<li>How do their two mixtures compare in taste? Explain your reasoning.
</li>
</ol>
</div><extendedTextInteraction responseIdentifier="RESPONSE"></extendedTextInteraction></itemBody><modalFeedback identifier="solution" outcomeIdentifier="FEEDBACK" showHide="hide"><div class="solution"><div class="xml_mml"><p>Representations vary in both kind and in the numbers used. Sample response:</p>

<div class="imgrid">
<div class="g--row g--row-1">
<div class="g--column g--half g--content g--col-1 g--row-1">
<p>Noah’s recipe</p>
</div>

<div class="g--column g--half g--content g--col-2 g--row-1">
<p>Andre’s recipe</p>
</div>
</div>

<div class="g--row g--row-2">
<div class="g--column g--half g--content g--col-1 g--row-2">
<table>
	<thead>
		<tr>
			<th scope="col">scoops of powder</th>
			<th scope="col">cups of water</th>
		</tr>
	</thead>
	<tbody>
		<tr>
			<td>4</td>
			<td>6</td>
		</tr>
		<tr>
			<td>2</td>
			<td>3</td>
		</tr>
		<tr>
			<td>1</td>
			<td>1.5</td>
		</tr>
	</tbody>
</table>
</div>

<div class="g--column g--half g--content g--col-2 g--row-2">
<table>
	<thead>
		<tr>
			<th scope="col">scoops of powder</th>
			<th scope="col">cups of water</th>
		</tr>
	</thead>
	<tbody>
		<tr>
			<td>5</td>
			<td>8</td>
		</tr>
		<tr>
			<td>10</td>
			<td>16</td>
		</tr>
		<tr>
			<td>1</td>
			<td>1.6</td>
		</tr>
	</tbody>
</table>
</div>
</div>
</div>

<p>Noah’s recipe tastes stronger. Sample reasoning: As shown in the tables, Noah’s recipe uses less water for the same amount of powder.</p>

<p>Minimal Tier 1 response:</p>

<ul>
	<li>Work is complete and correct, with complete explanation or justification.</li>
	<li>Acceptable errors: some mixing up of the terms “cup” and “scoop.”</li>
	<li>Sample:</li>
</ul>

<ol>
	<li>See table for Noah’s recipe.</li>
	<li>See table for Andre’s recipe.</li>
	<li>Noah’s tastes stronger because for him, 1 cup of water needs <span class="mjpage"><math xmlns="http://www.w3.org/1998/Math/MathML" alttext="\frac23">
  <mfrac>
    <mn>2</mn>
    <mn>3</mn>
  </mfrac>
</math></span> of a scoop of powder, but for Andre, 1 cup of water needs only <span class="mjpage"><math xmlns="http://www.w3.org/1998/Math/MathML" alttext="\frac58">
  <mfrac>
    <mn>5</mn>
    <mn>8</mn>
  </mfrac>
</math></span> of a scoop of powder.</li>
</ol>

<p>Tier 2 response:</p>

<ul>
	<li>Work shows good conceptual understanding and mastery, with either minor errors or correct work with insufficient explanation or justification.</li>
	<li>Acceptable errors: a good explanation to part c is based on incorrect powder/water combinations found in parts a and b.</li>
	<li>Sample errors: arithmetic errors in otherwise reasonable tables/double number lines; explanation for part c is on track but leaves the reader to connect too many dots, e.g., “Noah’s tastes stronger because <span class="mjpage"><math xmlns="http://www.w3.org/1998/Math/MathML" alttext="\frac23 &gt;\frac58">
  <mfrac>
    <mn>2</mn>
    <mn>3</mn>
  </mfrac>
  <mo>&gt;</mo>
  <mfrac>
    <mn>5</mn>
    <mn>8</mn>
  </mfrac>
</math></span>.”</li>
</ul>

<p>Tier 3 response:</p>

<ul>
	<li>Work shows a developing but incomplete conceptual understanding, with significant errors.</li>
	<li>Acceptable errors: a good explanation to part c is based on incorrect powder/water combinations found in parts a and b.</li>
	<li>Sample errors: Representations in parts a and b do not show evidence of an understanding of equivalent ratios; correct representations in parts a and b but explanation in part c is missing or does not involve a comparison of unit rates.</li>
</ul>

<p>Tier 4 response:</p>

<ul>
	<li>Work includes major errors or omissions that demonstrate a lack of conceptual understanding and mastery.</li>
	<li>Sample errors: None of the work contains evidence of an understanding of equivalent ratios.</li>
</ul>
</div></div></modalFeedback></assessmentItem>