<assessmentItem adaptive="false" identifier="id7ee549bf8780a0119d16b7896f544" timeDependent="false" title="A bag contains 120 marbles. Some are red and the rest are black. There..." xmlns="http://www.imsglobal.org/xsd/imsqti_v2p1" xmlns:xsi="http://www.w3.org/2001/XMLSchema-instance" xsi:schemaLocation="http://www.imsglobal.org/xsd/imsqti_v2p1 http://www.imsglobal.org/xsd/qti/qtiv2p1/imsqti_v2p1.xsd"><responseDeclaration baseType="string" cardinality="single" identifier="RESPONSE"></responseDeclaration><outcomeDeclaration baseType="identifier" cardinality="multiple" identifier="FEEDBACK"></outcomeDeclaration><outcomeDeclaration baseType="float" cardinality="single" identifier="SCORE"></outcomeDeclaration><itemBody><div class="xml_mml"><p>A bag contains 120 marbles. Some are red and the rest are black. There are 19 red marbles for every black marble. How many red marbles are in the bag? Explain your reasoning.</p>
</div><extendedTextInteraction responseIdentifier="RESPONSE"></extendedTextInteraction></itemBody><modalFeedback identifier="solution" outcomeIdentifier="FEEDBACK" showHide="hide"><div class="solution"><div class="xml_mml"><p>114 red marbles. Explanations vary. Sample explanation: Make a table in which the first row has 19 red marbles and 1 black marble. We want to find the row where the total number of marbles is 120. Multiplying the first row by 6 gives 114 red marbles and 6 black marbles, which add to the correct total.</p>

<p>Minimal Tier 1 response:</p>

<ul>
	<li>Work is complete and correct.</li>
	<li>Sample: <span class="mjpage"><math xmlns="http://www.w3.org/1998/Math/MathML" alttext="19 \boldcdot 6 = 114">
  <mn>19</mn>
  <mrow class="MJX-TeXAtom-BIN">
    <mpadded height="-.1em" depth="+.1em">
      <mstyle mathsize="1.44em">
        <mo>⋅<!-- ⋅ --></mo>
      </mstyle>
    </mpadded>
  </mrow>
  <mn>6</mn>
  <mo>=</mo>
  <mn>114</mn>
</math></span>, so there are 114 red marbles and 6 black marbles.</li>
</ul>

<p>Tier 2 response:</p>

<ul>
	<li>Work shows general conceptual understanding and mastery, with some errors.</li>
	<li>Sample errors: Red and black marbles are in the correct ratio but do not total 120; correct answer with no work shown and no explanation; work involves some correct reasoning about equivalent ratios with some errors.</li>
</ul>

<p>Tier 3 response:</p>

<ul>
	<li>Significant errors in work demonstrate lack of conceptual understanding or mastery.</li>
	<li>Sample errors: Work does not show evidence of an understanding of equivalent ratios; incorrect answer with no work shown.</li>
</ul>
</div></div></modalFeedback></assessmentItem>