<assessmentItem adaptive="false" identifier="idd16f714aa4d75e2bfd7bcae6d787c" timeDependent="false" title="A mixture of purple paint contains 6 teaspoons of red paint and 15..." xmlns="http://www.imsglobal.org/xsd/imsqti_v2p1" xmlns:xsi="http://www.w3.org/2001/XMLSchema-instance" xsi:schemaLocation="http://www.imsglobal.org/xsd/imsqti_v2p1 http://www.imsglobal.org/xsd/qti/qtiv2p1/imsqti_v2p1.xsd"><responseDeclaration baseType="identifier" cardinality="single" identifier="RESPONSE"><correctResponse><value>C2</value></correctResponse></responseDeclaration><outcomeDeclaration baseType="float" cardinality="single" identifier="SCORE"><defaultValue><value>0</value></defaultValue></outcomeDeclaration><itemBody><div class="xml_mml"><p>A mixture of purple paint contains 6 teaspoons of red paint and 15 teaspoons of blue paint. To make the same shade of purple paint using 35 teaspoons of blue paint, how much red paint would you need? Use the double number line diagram to help if needed.</p>

<img alt="Double number line.  Red paint, teaspoons. Blue paint, teaspoons." class="h-max-height--9-lines" height="546" src="https://s3.amazonaws.com/im-ims-export/r6YMzYKscoKSB4LqTbBA52Xz" width="2100"/>
</div><choiceInteraction maxChoices="1" responseIdentifier="RESPONSE" shuffle="false"><simpleChoice identifier="C1"><div class="xml_mml"><p>12 teaspoons</p>
</div></simpleChoice><simpleChoice identifier="C2"><div class="xml_mml"><p>14 teaspoons</p>
</div></simpleChoice><simpleChoice identifier="C3"><div class="xml_mml"><p>18 teaspoons</p>
</div></simpleChoice><simpleChoice identifier="C4"><div class="xml_mml"><p class="h-written-response--halfinch">26 teaspoons</p>
</div></simpleChoice></choiceInteraction></itemBody><responseProcessing template="http://www.imsglobal.org/question/qti_v2p1/rptemplates/match_correct"></responseProcessing></assessmentItem>