<assessmentItem adaptive="false" identifier="ide476409c7c3da067604b7aee60a01" timeDependent="false" title="Solve each of the following:      1. 3 movie tickets cost \$36. At this..." xmlns="http://www.imsglobal.org/xsd/imsqti_v2p1" xmlns:xsi="http://www.w3.org/2001/XMLSchema-instance" xsi:schemaLocation="http://www.imsglobal.org/xsd/imsqti_v2p1 http://www.imsglobal.org/xsd/qti/qtiv2p1/imsqti_v2p1.xsd"><responseDeclaration baseType="string" cardinality="single" identifier="RESPONSE"></responseDeclaration><outcomeDeclaration baseType="identifier" cardinality="multiple" identifier="FEEDBACK"></outcomeDeclaration><outcomeDeclaration baseType="float" cardinality="single" identifier="SCORE"></outcomeDeclaration><itemBody><div class="xml_mml"><p>Solve each of the following:</p>

<ol>
	<li>3 movie tickets cost <span>$</span>36. At this rate, what is the cost per ticket?
</li>
	<li>3 ice cream cones cost <span>$</span>8.25. At this rate, how much do 2 ice cream cones cost?
</li>
	<li>3 bananas cost <span>$</span>0.99. At this rate, how much do 5 bananas cost?
</li>
</ol>
</div><extendedTextInteraction responseIdentifier="RESPONSE"></extendedTextInteraction></itemBody><modalFeedback identifier="solution" outcomeIdentifier="FEEDBACK" showHide="hide"><div class="solution"><div class="xml_mml"><ol>
	<li>
<span>$</span>12</li>
	<li>
<span>$</span>5.50</li>
	<li>
<span>$</span>1.65</li>
</ol>
</div></div></modalFeedback></assessmentItem>