<?xml version="1.0" encoding="utf-8" ?><manifest identifier="id6dcc2e4dc5775c8e13a48ae0730d1" xmlns="http://www.imsglobal.org/xsd/imscp_v1p1" xmlns:imsmd="http://ltsc.ieee.org/xsd/LOM" xmlns:imsqti="http://www.imsglobal.org/xsd/imsqti_v2p1" xmlns:xsi="http://www.w3.org/2001/XMLSchema-instance" xsi:schemaLocation="http://www.imsglobal.org/xsd/imsqti_v2p1 http://www.imsglobal.org/xsd/qti/qtiv2p1/imsqti_v2p1.xsd http://ltsc.ieee.org/xsd/LOM http://www.imsglobal.org/xsd/imsmd_loose_v1p3p2.xsd http://www.imsglobal.org/xsd/imscp_v1p1 http://www.imsglobal.org/xsd/qti/qtiv2p1/qtiv2p1_imscpv1p2_v1p0.xsd"><metadata><schema>QTIv2.1 Package</schema><schemaversion>1.0.0</schemaversion><imsmd:lom><imsmd:general><imsmd:title><imsmd:string language="en">Grade6.2 End Of Unit Assessment (A)</imsmd:string></imsmd:title><imsmd:language>en</imsmd:language></imsmd:general><imsmd:taxonpath><imsmd:source><imsmd:string language="en">CCSS Standards</imsmd:string></imsmd:source><imsmd:taxon><imsmd:entry><imsmd:string language="en">6.RP.A.1</imsmd:string></imsmd:entry></imsmd:taxon><imsmd:taxon><imsmd:entry><imsmd:string language="en">6.RP.A.2</imsmd:string></imsmd:entry></imsmd:taxon><imsmd:taxon><imsmd:entry><imsmd:string language="en">6.RP.A.3</imsmd:string></imsmd:entry></imsmd:taxon><imsmd:taxon><imsmd:entry><imsmd:string language="en">6.RP.A.3.b</imsmd:string></imsmd:entry></imsmd:taxon></imsmd:taxonpath></imsmd:lom></metadata><organizations></organizations><resources><resource href="assessment.xml" identifier="idb61f5a3e137a0d192bf83fab12ed9" type="imsqti_test_xmlv2p1"><file href="assessment.xml"></file><dependency identifierref="id13f03a51acb6006f03b4c33fce8d6"></dependency><dependency identifierref="id53d29ec0ea8c24a8600136b42684f"></dependency><dependency identifierref="idd16f714aa4d75e2bfd7bcae6d787c"></dependency><dependency identifierref="id1b64df11f8c1e697ebbc9e20e6066"></dependency><dependency identifierref="ide476409c7c3da067604b7aee60a01"></dependency><dependency identifierref="id7ee549bf8780a0119d16b7896f544"></dependency><dependency identifierref="id5d2a3a37d2092d91f98ebb22e148d"></dependency></resource><resource href="id13f03a51acb6006f03b4c33fce8d6.xml" identifier="id13f03a51acb6006f03b4c33fce8d6" type="imsqti_item_xmlv2p1"><file href="id13f03a51acb6006f03b4c33fce8d6.xml"></file></resource><resource href="id53d29ec0ea8c24a8600136b42684f.xml" identifier="id53d29ec0ea8c24a8600136b42684f" type="imsqti_item_xmlv2p1"><file href="id53d29ec0ea8c24a8600136b42684f.xml"></file></resource><resource href="idd16f714aa4d75e2bfd7bcae6d787c.xml" identifier="idd16f714aa4d75e2bfd7bcae6d787c" type="imsqti_item_xmlv2p1"><file href="idd16f714aa4d75e2bfd7bcae6d787c.xml"></file></resource><resource href="id1b64df11f8c1e697ebbc9e20e6066.xml" identifier="id1b64df11f8c1e697ebbc9e20e6066" type="imsqti_item_xmlv2p1"><file href="id1b64df11f8c1e697ebbc9e20e6066.xml"></file></resource><resource href="ide476409c7c3da067604b7aee60a01.xml" identifier="ide476409c7c3da067604b7aee60a01" type="imsqti_item_xmlv2p1"><file href="ide476409c7c3da067604b7aee60a01.xml"></file></resource><resource href="id7ee549bf8780a0119d16b7896f544.xml" identifier="id7ee549bf8780a0119d16b7896f544" type="imsqti_item_xmlv2p1"><file href="id7ee549bf8780a0119d16b7896f544.xml"></file></resource><resource href="id5d2a3a37d2092d91f98ebb22e148d.xml" identifier="id5d2a3a37d2092d91f98ebb22e148d" type="imsqti_item_xmlv2p1"><file href="id5d2a3a37d2092d91f98ebb22e148d.xml"></file></resource></resources></manifest>